-- MySQL dump 10.13  Distrib 5.7.35, for Linux (x86_64)
--
-- Host: localhost    Database: oj
-- ------------------------------------------------------
-- Server version	5.7.35

/*!40101 SET @OLD_CHARACTER_SET_CLIENT=@@CHARACTER_SET_CLIENT */;
/*!40101 SET @OLD_CHARACTER_SET_RESULTS=@@CHARACTER_SET_RESULTS */;
/*!40101 SET @OLD_COLLATION_CONNECTION=@@COLLATION_CONNECTION */;
/*!40101 SET NAMES utf8 */;
/*!40103 SET @OLD_TIME_ZONE=@@TIME_ZONE */;
/*!40103 SET TIME_ZONE='+00:00' */;
/*!40014 SET @OLD_UNIQUE_CHECKS=@@UNIQUE_CHECKS, UNIQUE_CHECKS=0 */;
/*!40014 SET @OLD_FOREIGN_KEY_CHECKS=@@FOREIGN_KEY_CHECKS, FOREIGN_KEY_CHECKS=0 */;
/*!40101 SET @OLD_SQL_MODE=@@SQL_MODE, SQL_MODE='NO_AUTO_VALUE_ON_ZERO' */;
/*!40111 SET @OLD_SQL_NOTES=@@SQL_NOTES, SQL_NOTES=0 */;

--
-- Table structure for table `Contest`
--

DROP TABLE IF EXISTS `Contest`;
/*!40101 SET @saved_cs_client     = @@character_set_client */;
/*!40101 SET character_set_client = utf8 */;
CREATE TABLE `Contest` (
  `contestId` int(11) NOT NULL AUTO_INCREMENT,
  `title` varchar(100) NOT NULL,
  `startTime` timestamp NOT NULL DEFAULT CURRENT_TIMESTAMP,
  `endTime` timestamp NOT NULL DEFAULT CURRENT_TIMESTAMP,
  `notification` varchar(6000) NOT NULL COMMENT '比赛提醒，放到比赛主页',
  PRIMARY KEY (`contestId`)
) ENGINE=InnoDB AUTO_INCREMENT=22 DEFAULT CHARSET=utf8;
/*!40101 SET character_set_client = @saved_cs_client */;

--
-- Dumping data for table `Contest`
--

LOCK TABLES `Contest` WRITE;
/*!40000 ALTER TABLE `Contest` DISABLE KEYS */;
INSERT INTO `Contest` VALUES (1,'实验1','2021-07-03 16:00:00','2021-08-13 16:00:00','注意事项'),(15,'作业1','2021-07-03 16:00:00','2021-10-27 16:00:00','注意事项'),(16,'实验三十五','2021-08-04 16:00:00','2021-09-29 16:00:00','测试作业说明1;测试作业说明2;测试作业说明3;测试作业说明4'),(18,'实验2','2021-08-16 03:00:00','2021-08-20 03:00:00','作业说明'),(19,'实验3333','2021-08-15 03:00:00','2021-09-29 03:00:00','说明'),(20,'测试markdown','2021-07-26 19:00:00','2021-09-24 19:00:00','<h1 data-we-empty-p=\"\" id=\"r3wel\"><strong></strong>安德森</h1><h2 data-we-empty-p=\"\" id=\"lac38\">爱的</h2><h3 data-we-empty-p=\"\" id=\"ybss4\">啊啊啊</h3><h4 data-we-empty-p=\"\" id=\"6bcol\">啊三大</h4><h5 data-we-empty-p=\"\" id=\"s74eu\">h5<br/></h5><p><b>敖德萨</b></p><p>啊三大</p><p><font color=\"#f9963b\">啊三大的</font></p><p>萨斯大时代</p><p>asddddddddddddddddddddddddddddddddddddddddddddddddddddddddddddddddddddddddddddddddddddddddddddddddddddddddddddddddddddddddddddddddd哈达哈达哈达哈达哈达哈达哈达哈达哈达哈达哈达哈达哈达哈达哈达哈达哈达哈达哈达哈达哈达哈达哈达哈达哈达哈达哈达哈达哈达哈达哈达哈达哈达哈达哈达哈达哈达哈达哈达哈达哈达哈达哈达哈达哈达哈达哈达哈达哈达哈达哈达哈达哈达哈达哈达哈达哈达哈达哈达哈达哈达哈达哈达哈达哈达哈达哈达哈达哈达哈达哈达哈达哈达哈达哈达哈达哈达哈达哈达哈达</p><ul><li>啊三大</li><li>AS <br/></li><li>ASD &nbsp;&nbsp;&nbsp; <br/></li><li>生死</li></ul><p>啊三大<br/></p><blockquote><p>asd,开啊三大</p></blockquote><p><br/></p><pre><code class=\"Python\"><xmp>def add(a, b):\n    return a + b</xmp></code></pre><p><br/></p><table width=\"100%\" cellspacing=\"0\" cellpadding=\"0\" border=\"0\"><tbody><tr><th>aa<br/></th><th>aa<br/></th><th>aa<br/></th><th>aa<br/></th><th>aa<br/></th></tr><tr><td>aa<br/></td><td>aa<br/></td><td>aa<br/></td><td>aa<br/></td><td>aa<br/></td></tr><tr><td>aa<br/></td><td>aa<br/></td><td>aa<br/></td><td>aa<br/></td><td><br/></td></tr><tr><td>aa<br/></td><td>aa<br/></td><td>aa<br/></td><td>aa<br/></td><td><br/></td></tr><tr><td>aa<br/></td><td>aa<br/></td><td>aa<br/></td><td>aa<br/></td><td><br/></td></tr></tbody></table><p><br/><br/></p>'),(21,'test','2021-08-02 03:00:00','2021-09-27 03:00:00','<p>用于测试<br/></p>');
/*!40000 ALTER TABLE `Contest` ENABLE KEYS */;
UNLOCK TABLES;

--
-- Table structure for table `ContestPerformance`
--

DROP TABLE IF EXISTS `ContestPerformance`;
/*!40101 SET @saved_cs_client     = @@character_set_client */;
/*!40101 SET character_set_client = utf8 */;
CREATE TABLE `ContestPerformance` (
  `contestUserId` int(11) NOT NULL,
  `problemId` int(11) NOT NULL,
  `contestId` int(11) NOT NULL,
  `try` int(11) NOT NULL,
  `acceptTime` timestamp NULL DEFAULT NULL,
  `score` double DEFAULT NULL,
  PRIMARY KEY (`contestUserId`,`problemId`,`contestId`),
  KEY `contestUserId` (`contestUserId`),
  KEY `problemId` (`problemId`),
  KEY `contestId` (`contestId`)
) ENGINE=InnoDB DEFAULT CHARSET=utf8 COMMENT='比赛中的表现';
/*!40101 SET character_set_client = @saved_cs_client */;

--
-- Dumping data for table `ContestPerformance`
--

LOCK TABLES `ContestPerformance` WRITE;
/*!40000 ALTER TABLE `ContestPerformance` DISABLE KEYS */;
INSERT INTO `ContestPerformance` VALUES (1,8,4,1,NULL,0),(1,12,5,1,NULL,0),(1,13,5,1,NULL,0),(1,14,5,1,NULL,0),(1,22,5,1,NULL,0),(1,24,5,1,NULL,0),(2,1,1,1,'2020-07-11 11:39:22',NULL),(3,1,1,1,'2020-07-12 10:12:49',100),(4,8,4,1,'2020-07-12 15:38:46',100),(4,10,8,2,NULL,3),(4,11,8,1,'2020-07-14 06:05:24',10),(4,21,8,1,'2020-07-14 07:06:11',10),(4,26,8,1,'2020-07-14 08:16:02',14),(5,2,2,3,NULL,8),(5,8,4,2,'2020-07-12 13:23:59',100),(6,8,4,4,'2020-07-12 13:10:02',100),(6,12,5,5,NULL,0),(6,13,5,4,'2020-07-14 07:59:52',20),(6,14,5,2,'2020-07-14 05:19:21',10),(6,15,5,2,'2020-07-14 06:25:44',10),(6,22,5,4,'2020-07-14 07:06:52',0),(6,24,5,1,'2020-07-14 08:27:45',20),(7,8,4,1,'2020-07-13 04:15:43',100),(7,10,8,4,NULL,3),(7,11,8,1,'2020-07-14 05:23:18',0),(8,8,4,1,'2020-07-12 13:00:16',100),(8,12,7,3,NULL,0),(8,15,7,2,NULL,0),(8,18,7,1,NULL,0),(8,24,7,2,NULL,6),(9,8,4,1,'2020-07-12 13:44:50',100),(9,9,7,12,NULL,0),(9,12,7,3,NULL,12),(9,15,7,7,NULL,0),(11,8,4,1,NULL,0),(11,16,6,3,NULL,0),(11,20,6,1,NULL,0),(12,8,4,1,'2020-07-12 14:45:45',100),(12,10,8,1,NULL,7),(12,11,8,3,NULL,0),(12,13,8,1,NULL,0),(12,21,8,1,'2020-07-14 07:40:42',10),(12,26,8,3,'2020-07-14 08:30:20',14),(13,5,2,2,'2020-07-13 08:48:05',20),(13,8,4,1,'2020-07-12 13:34:21',100),(13,11,8,1,'2020-07-14 06:05:42',0),(13,13,8,1,NULL,0),(13,21,8,1,'2020-07-14 08:04:32',10),(13,26,8,5,NULL,0),(14,5,2,1,'2020-07-12 14:20:35',20),(14,6,2,1,'2020-07-12 13:53:10',20),(14,7,2,1,'2020-07-12 14:08:19',30),(14,9,6,2,'2020-07-14 05:20:28',10),(14,16,6,3,NULL,9),(14,20,6,12,NULL,9),(14,26,6,4,NULL,14),(15,6,2,1,NULL,0),(15,8,4,2,NULL,0),(15,12,5,1,NULL,0),(15,13,5,7,NULL,0),(15,14,5,4,'2020-07-14 05:19:16',10),(15,15,5,2,'2020-07-14 05:37:14',10),(15,22,5,6,NULL,0),(15,24,5,1,'2020-07-14 06:04:31',20),(16,8,4,5,'2020-07-13 03:12:26',100),(16,9,7,4,NULL,0),(16,15,7,2,'2020-07-14 06:22:47',10),(16,18,7,2,NULL,0),(16,23,7,2,NULL,0),(17,2,2,1,'2020-07-12 13:52:52',10),(17,8,4,1,'2020-07-12 13:40:10',100),(17,9,7,1,NULL,0),(17,15,7,4,NULL,0),(17,18,7,1,NULL,0),(17,23,7,2,NULL,0),(18,8,4,1,NULL,0),(18,9,6,5,NULL,0),(18,16,6,9,NULL,4),(19,8,4,1,'2020-07-12 13:14:03',100),(19,10,8,3,NULL,0),(19,11,8,1,'2020-07-14 06:18:08',0),(19,26,8,2,NULL,14),(20,2,2,1,NULL,0),(20,8,4,2,'2020-07-12 13:15:21',100),(20,12,5,2,NULL,0),(20,14,5,3,NULL,9),(20,15,5,1,'2020-07-14 08:52:13',10),(21,8,4,2,'2020-07-12 13:16:49',100),(21,15,5,2,'2020-07-14 07:24:46',10),(22,8,4,1,'2020-07-12 13:22:04',100),(22,10,8,9,'2020-07-14 08:08:32',10),(22,11,8,1,'2020-07-14 05:19:09',0),(22,21,8,1,'2020-07-14 05:53:35',10),(22,26,8,13,NULL,14),(23,8,4,2,'2020-07-12 13:09:57',100),(23,9,6,1,'2020-07-14 05:30:43',10),(23,16,6,3,'2020-07-14 06:32:12',10),(23,20,6,2,'2020-07-14 06:08:17',10),(23,23,6,7,NULL,8),(23,26,6,3,NULL,14),(25,3,2,2,NULL,3.9130434782608696),(25,5,2,1,'2020-07-12 13:49:14',20),(25,6,2,1,'2020-07-12 13:37:35',20),(25,7,2,1,'2020-07-12 14:04:43',30),(25,8,4,1,'2020-07-12 12:46:23',100),(25,9,7,6,'2020-07-14 05:45:14',10),(25,15,7,3,'2020-07-14 06:58:58',10),(25,18,7,1,'2020-07-14 08:42:10',10),(25,23,7,1,'2020-07-14 08:56:58',0),(25,24,7,1,'2020-07-14 08:10:26',20),(26,2,2,1,'2020-07-12 14:10:16',10),(26,8,4,1,'2020-07-12 12:57:49',100),(26,9,6,17,NULL,9),(26,16,6,5,NULL,0),(27,8,4,1,'2020-07-12 12:58:06',100),(27,10,8,1,'2020-07-14 07:20:30',10),(27,11,8,1,'2020-07-14 06:05:33',10),(27,21,8,1,'2020-07-14 06:39:05',10),(27,26,8,1,NULL,14),(28,8,4,1,'2020-07-12 13:39:36',100),(28,12,5,3,NULL,12),(28,13,5,4,NULL,0),(28,14,5,6,'2020-07-14 08:16:49',10),(28,15,5,2,'2020-07-14 06:28:43',10),(28,24,5,2,'2020-07-14 08:08:35',20),(29,2,2,1,NULL,2),(29,8,4,2,'2020-07-12 13:19:09',100),(29,12,5,3,NULL,12),(29,15,5,9,NULL,0),(30,8,4,5,'2020-07-12 13:15:02',100),(30,9,7,1,NULL,0),(30,15,7,3,NULL,0),(30,23,7,4,NULL,8),(30,24,7,1,NULL,0),(31,2,2,1,'2020-07-12 13:14:42',10),(31,10,8,1,NULL,0),(31,21,8,2,'2020-07-14 08:41:25',10),(32,3,2,3,NULL,3.4782608695652173),(32,4,2,1,NULL,4),(32,8,4,2,'2020-07-12 15:28:27',100),(32,9,6,7,NULL,1),(32,16,6,2,'2020-07-14 05:50:20',10),(32,20,6,6,NULL,0),(32,23,6,1,'2020-07-14 07:00:16',8),(32,25,6,4,NULL,0),(33,2,2,7,NULL,8),(33,3,2,2,NULL,3.9130434782608696),(33,4,2,7,NULL,3),(33,5,2,1,'2020-07-13 08:21:01',20),(33,6,2,1,'2020-07-13 08:25:10',20),(33,7,2,12,'2020-07-13 09:43:30',30),(33,8,4,3,'2020-07-12 12:54:16',100),(33,13,5,5,NULL,0),(33,14,5,1,'2020-07-14 05:20:05',10),(33,15,5,11,NULL,0),(33,22,5,4,'2020-07-14 07:18:20',10),(34,2,2,2,NULL,6),(34,8,4,1,'2020-07-12 12:56:25',100),(34,9,6,11,NULL,7),(34,16,6,1,NULL,9),(34,20,6,5,NULL,0),(34,26,6,4,NULL,0),(35,6,2,5,'2020-07-12 14:51:41',20),(35,7,2,1,NULL,25.945945945945947),(35,8,4,1,'2020-07-12 12:58:25',100),(35,9,7,2,NULL,1),(35,15,7,4,NULL,0),(35,23,7,3,NULL,0),(35,24,7,1,NULL,0),(36,8,4,4,'2020-07-12 13:05:52',100),(36,10,8,2,'2020-07-14 07:44:25',10),(36,11,8,1,'2020-07-14 06:43:31',0),(36,21,8,1,'2020-07-14 07:24:47',10),(36,26,8,1,NULL,14),(37,8,4,3,'2020-07-12 13:05:17',100),(37,10,8,2,NULL,0),(37,11,8,1,'2020-07-14 06:30:54',0),(37,21,8,5,NULL,0),(38,8,4,1,NULL,0),(38,9,7,3,'2020-07-14 08:17:33',10),(38,15,7,1,'2020-07-14 05:21:36',10),(38,18,7,3,NULL,3),(38,23,7,3,'2020-07-14 06:28:21',8),(38,24,7,4,NULL,0),(39,9,6,1,'2020-07-14 05:18:04',10),(39,16,6,1,'2020-07-14 05:32:27',10),(39,20,6,4,NULL,0),(39,23,6,1,'2020-07-14 06:34:12',10),(39,25,6,1,'2020-07-14 07:02:37',0),(39,26,6,1,NULL,0),(40,8,4,1,'2020-07-12 13:07:23',100),(40,13,5,1,NULL,0),(40,14,5,6,NULL,9),(40,15,5,2,'2020-07-14 06:33:58',10),(40,24,5,1,'2020-07-14 08:01:21',20),(41,2,2,6,NULL,8),(41,12,5,1,NULL,0),(41,13,5,4,NULL,0),(41,14,5,9,'2020-07-14 08:04:06',10),(41,15,5,1,'2020-07-14 06:34:44',10),(41,22,5,1,'2020-07-14 08:37:11',0),(41,24,5,1,'2020-07-14 07:07:25',20),(42,8,4,1,'2020-07-13 11:25:25',100),(42,11,8,2,NULL,0),(42,21,8,2,NULL,0),(44,2,2,1,'2020-07-12 13:39:33',10),(44,8,4,1,'2020-07-12 13:13:11',100),(44,15,7,6,NULL,0),(45,2,2,1,'2020-07-12 14:59:48',10),(45,8,4,6,'2020-07-12 13:36:15',100),(45,10,8,1,NULL,0),(45,11,8,3,'2020-07-14 06:04:38',0),(45,13,8,1,NULL,0),(45,21,8,1,NULL,0),(45,26,8,2,NULL,0),(46,8,4,1,'2020-07-12 13:00:27',100),(46,13,5,2,NULL,0),(46,14,5,2,'2020-07-14 05:58:50',10),(46,15,5,2,'2020-07-14 05:50:03',10),(46,22,5,1,'2020-07-14 07:36:20',10),(46,24,5,3,'2020-07-14 07:12:56',20),(47,2,2,1,NULL,4),(47,8,4,1,'2020-07-12 12:44:09',100),(47,15,7,7,'2020-07-14 06:56:28',10),(47,18,7,8,NULL,0),(49,9,6,3,NULL,1),(49,16,6,1,NULL,9),(49,20,6,6,NULL,9),(49,23,6,1,'2020-07-14 07:59:42',0),(49,25,6,2,NULL,0),(49,26,6,2,NULL,14),(50,8,4,3,'2020-07-12 13:15:19',100),(50,10,8,1,NULL,0),(51,8,4,3,'2020-07-12 13:17:48',100),(51,12,7,1,NULL,0),(51,15,7,1,NULL,0),(52,8,4,4,NULL,50),(54,8,4,2,'2020-07-12 13:27:15',100),(54,16,6,2,'2020-07-14 07:45:48',10),(54,20,6,10,NULL,0),(55,8,4,1,'2020-07-12 13:02:42',100),(55,10,8,2,'2020-07-14 07:15:35',10),(55,11,8,1,'2020-07-14 05:25:51',0),(55,21,8,2,'2020-07-14 06:34:04',10),(55,25,8,1,'2020-07-14 08:22:16',30),(55,26,8,8,'2020-07-14 08:39:29',14),(56,12,5,8,NULL,21),(56,13,5,4,'2020-07-14 06:59:44',20),(56,14,5,4,'2020-07-14 06:04:56',10),(56,15,5,1,'2020-07-14 05:28:55',10),(56,22,5,1,'2020-07-14 07:52:20',10),(56,24,5,1,'2020-07-14 05:55:05',20),(57,2,2,1,'2020-07-12 13:08:07',10),(57,8,4,1,'2020-07-12 12:59:52',100),(59,8,4,1,'2020-07-12 12:46:40',100),(59,12,5,1,NULL,12),(59,13,5,1,NULL,0),(59,14,5,1,'2020-07-14 05:20:32',10),(59,15,5,1,'2020-07-14 05:30:57',10),(59,22,5,1,'2020-07-14 06:14:40',10),(59,24,5,3,'2020-07-14 07:01:35',20),(60,8,4,2,'2020-07-12 13:18:44',100),(60,11,8,1,NULL,0),(60,21,8,1,NULL,0),(60,26,8,2,NULL,14),(62,8,4,5,'2020-07-12 14:53:24',100),(62,12,5,3,NULL,21),(62,13,5,3,'2020-07-14 08:06:25',20),(62,14,5,1,'2020-07-14 05:06:05',10),(62,15,5,1,'2020-07-14 05:20:42',10),(62,22,5,2,'2020-07-14 05:29:39',10),(62,24,5,4,'2020-07-14 07:34:28',20),(63,6,2,1,NULL,14.615384615384615),(63,8,4,1,'2020-07-12 12:58:03',100),(63,9,6,12,NULL,0),(63,16,6,4,'2020-07-14 06:05:56',10),(63,20,6,2,'2020-07-14 06:36:07',10),(63,26,6,11,'2020-07-14 08:10:23',14),(64,2,2,4,NULL,4),(64,8,4,1,'2020-07-12 13:32:01',100),(64,9,7,6,NULL,0),(64,12,7,1,NULL,12),(64,15,7,12,'2020-07-14 08:45:26',10),(65,2,2,7,'2020-07-12 13:52:21',10),(65,3,2,8,'2020-07-12 14:40:23',10),(65,5,2,1,'2020-07-12 14:55:14',20),(65,8,4,2,'2020-07-12 12:46:30',100),(65,9,7,3,'2020-07-14 05:48:38',10),(65,15,7,1,'2020-07-14 06:30:36',10),(65,18,7,6,'2020-07-14 08:39:46',10),(65,23,7,9,NULL,0),(66,2,2,2,'2020-07-12 13:38:47',10),(66,5,2,4,'2020-07-12 14:59:44',20),(66,8,4,1,'2020-07-12 12:55:47',100),(66,9,6,1,'2020-07-14 05:25:21',10),(66,16,6,4,NULL,9),(66,20,6,3,NULL,9),(66,23,6,1,'2020-07-14 06:50:29',8),(66,25,6,1,'2020-07-14 07:41:01',0),(66,26,6,1,NULL,14),(67,8,4,1,'2020-07-12 15:06:57',100),(67,11,8,1,'2020-07-14 06:55:44',0),(67,21,8,3,NULL,0),(69,8,4,4,'2020-07-13 08:22:53',100),(69,12,5,8,NULL,21),(69,13,5,4,NULL,0),(69,14,5,1,'2020-07-14 05:57:54',10),(69,15,5,1,'2020-07-14 06:10:57',10),(69,22,5,1,'2020-07-14 08:16:54',10),(69,24,5,1,NULL,18),(70,3,2,5,NULL,3.0434782608695654),(70,8,4,2,'2020-07-12 13:48:36',100),(70,10,8,1,'2020-07-14 05:57:12',10),(70,11,8,1,NULL,0),(70,13,8,1,NULL,0),(70,25,8,1,NULL,0),(71,2,2,3,NULL,8),(71,3,2,2,NULL,2.608695652173913),(71,4,2,1,NULL,3),(71,5,2,1,'2020-07-12 14:28:34',20),(71,6,2,1,'2020-07-12 14:41:55',20),(71,7,2,1,'2020-07-12 14:50:16',30),(71,8,4,2,'2020-07-12 12:54:17',100),(71,9,6,1,'2020-07-14 05:13:03',10),(71,16,6,3,'2020-07-14 06:39:56',10),(71,20,6,4,'2020-07-14 07:07:30',10),(71,23,6,1,'2020-07-14 06:04:27',10),(71,25,6,1,'2020-07-14 06:35:22',0),(71,26,6,3,NULL,14),(73,8,4,1,'2020-07-12 13:49:36',100),(73,9,7,1,'2020-07-14 05:10:24',10),(73,12,7,3,NULL,0),(73,15,7,7,'2020-07-14 07:43:16',10),(73,18,7,3,NULL,7),(73,23,7,5,'2020-07-14 07:22:56',20),(73,24,7,1,'2020-07-14 08:38:28',20),(75,2,2,1,NULL,8),(75,8,4,1,'2020-07-12 13:07:08',100),(75,10,8,17,NULL,5),(75,11,8,1,'2020-07-14 06:55:15',10),(75,21,8,1,'2020-07-14 06:13:07',10),(75,25,8,3,NULL,0),(76,2,2,1,NULL,8),(76,5,2,1,'2020-07-13 12:18:14',20),(76,8,4,1,'2020-07-12 13:04:46',100),(76,12,5,2,NULL,12),(76,14,5,1,'2020-07-14 06:20:08',10),(76,15,5,3,'2020-07-14 07:18:35',10),(76,24,5,4,NULL,0),(77,2,2,2,NULL,6),(77,5,2,1,'2020-07-12 14:35:08',20),(77,6,2,1,'2020-07-12 14:28:06',20),(77,7,2,1,'2020-07-12 13:51:02',30),(77,8,4,1,'2020-07-12 12:48:02',100),(77,12,5,1,NULL,12),(77,13,5,4,NULL,0),(77,14,5,1,'2020-07-14 05:13:03',10),(77,15,5,2,'2020-07-14 06:01:08',10),(77,22,5,1,'2020-07-14 05:41:04',0),(77,24,5,1,NULL,18),(79,8,4,3,'2020-07-13 00:56:37',100),(79,9,7,2,NULL,1),(79,15,7,3,'2020-07-14 07:22:19',10),(79,18,7,1,'2020-07-14 07:37:59',10),(79,23,7,4,NULL,8),(79,24,7,1,NULL,0),(80,10,8,5,NULL,0),(80,11,8,1,'2020-07-14 05:29:54',0),(80,13,8,3,NULL,0),(80,21,8,1,'2020-07-14 06:08:13',10),(80,25,8,1,'2020-07-14 06:43:48',0),(80,26,8,1,NULL,14),(81,2,2,2,NULL,8),(81,8,4,2,'2020-07-12 15:08:17',100),(81,9,7,3,NULL,0),(81,15,7,4,NULL,0),(81,23,7,5,NULL,0),(82,8,4,1,NULL,0),(82,9,6,4,NULL,1),(82,16,6,4,NULL,0),(82,20,6,9,NULL,0),(83,2,2,4,NULL,8),(83,5,2,1,'2020-07-12 14:45:52',20),(83,8,4,1,'2020-07-12 14:48:46',100),(83,12,5,3,NULL,21),(83,13,5,6,NULL,0),(83,14,5,10,'2020-07-14 08:43:22',10),(83,15,5,5,NULL,0),(84,8,4,3,'2020-07-12 14:20:05',100),(84,10,8,3,NULL,0),(84,11,8,1,'2020-07-14 05:48:52',10),(84,13,8,1,NULL,0),(84,21,8,1,'2020-07-14 06:57:22',10),(84,25,8,1,NULL,0),(84,26,8,1,NULL,14),(85,2,2,1,NULL,4),(85,8,4,1,'2020-07-12 13:49:18',100),(85,13,5,2,NULL,0),(85,14,5,1,'2020-07-14 06:03:00',10),(85,15,5,2,'2020-07-14 05:42:31',10),(85,22,5,2,NULL,1),(86,8,4,1,'2020-07-12 13:25:49',100),(86,9,6,1,'2020-07-14 05:26:29',10),(86,16,6,1,'2020-07-14 05:39:54',10),(86,20,6,6,'2020-07-14 07:15:48',10),(86,23,6,1,'2020-07-14 06:28:22',0),(86,25,6,1,'2020-07-14 07:52:06',30),(86,26,6,2,'2020-07-14 08:14:32',14),(87,8,4,1,'2020-07-12 13:33:34',100),(87,9,7,4,'2020-07-14 05:53:04',10),(87,15,7,1,'2020-07-14 06:34:41',10),(87,23,7,1,'2020-07-14 08:10:28',8),(88,8,4,1,'2020-07-12 12:48:14',100),(88,10,8,2,NULL,4),(88,11,8,2,NULL,0),(89,8,4,1,'2020-07-12 13:04:24',100),(89,12,5,1,NULL,12),(89,13,5,5,NULL,0),(89,14,5,1,'2020-07-14 06:21:51',10),(89,15,5,1,'2020-07-14 06:37:35',10),(90,2,2,1,'2020-07-12 13:18:31',10),(90,8,4,2,'2020-07-12 13:04:10',100),(90,10,8,4,NULL,3),(90,11,8,1,'2020-07-14 07:55:52',0),(90,13,8,5,NULL,0),(90,21,8,1,'2020-07-14 07:46:49',10),(90,26,8,1,NULL,0),(91,2,2,1,'2020-07-12 13:08:35',10),(91,3,2,1,'2020-07-12 13:21:28',10),(91,4,2,1,'2020-07-12 13:44:49',10),(91,5,2,1,'2020-07-12 14:01:41',20),(91,6,2,1,'2020-07-12 13:52:13',20),(91,7,2,1,'2020-07-12 13:57:55',30),(91,8,4,1,'2020-07-12 12:58:20',100),(91,9,7,2,'2020-07-14 05:10:54',10),(91,12,7,2,NULL,27),(91,15,7,1,'2020-07-14 05:22:48',10),(91,18,7,1,'2020-07-14 05:32:38',10),(91,23,7,1,'2020-07-14 05:45:36',20),(91,24,7,1,'2020-07-14 06:21:07',20),(92,2,2,2,NULL,8),(92,3,2,2,NULL,8.695652173913043),(92,5,2,1,'2020-07-12 13:57:15',20),(92,6,2,1,'2020-07-12 14:06:22',20),(92,7,2,2,NULL,28.37837837837838),(92,8,4,1,'2020-07-12 12:59:52',100),(92,9,6,3,'2020-07-14 06:42:17',10),(92,16,6,2,'2020-07-14 05:34:19',10),(92,20,6,6,'2020-07-14 08:10:48',10),(92,23,6,8,'2020-07-14 08:25:59',8),(92,25,6,2,'2020-07-14 08:02:05',0),(92,26,6,1,NULL,14),(93,2,2,1,'2020-07-12 14:17:12',10),(93,3,2,2,'2020-07-12 13:40:46',10),(93,5,2,1,'2020-07-12 14:37:06',20),(93,7,2,1,NULL,4.054054054054054),(93,8,4,2,'2020-07-12 13:02:24',100),(93,9,6,1,'2020-07-14 05:29:54',10),(93,16,6,1,'2020-07-14 05:58:55',10),(93,20,6,5,'2020-07-14 07:20:21',10),(93,23,6,1,'2020-07-14 06:29:54',8),(93,25,6,1,'2020-07-14 08:22:02',30),(93,26,6,3,NULL,14),(94,2,2,2,NULL,8),(94,3,2,1,NULL,3.4782608695652173),(94,5,2,1,'2020-07-13 08:32:42',20),(94,6,2,7,NULL,13.076923076923077),(94,7,2,2,'2020-07-13 08:37:58',30),(94,8,4,1,'2020-07-12 13:20:29',100),(94,9,7,3,'2020-07-14 05:38:06',10),(94,15,7,1,'2020-07-14 06:10:17',10),(94,18,7,1,NULL,4),(94,23,7,22,NULL,8),(95,8,4,1,'2020-07-12 13:07:41',100),(95,10,8,1,NULL,0),(95,11,8,2,'2020-07-14 05:55:07',0),(95,13,8,4,NULL,0),(95,26,8,1,NULL,0),(96,2,2,1,NULL,4),(96,5,2,1,'2020-07-12 14:41:25',20),(96,7,2,1,NULL,7.297297297297297),(96,8,4,1,'2020-07-12 13:05:52',100),(96,12,5,4,NULL,12),(96,13,5,2,NULL,0),(96,14,5,1,'2020-07-14 05:27:23',10),(96,15,5,2,'2020-07-14 05:55:47',10),(96,22,5,6,'2020-07-14 08:05:43',10),(96,24,5,1,'2020-07-14 07:42:13',20),(98,2,2,2,'2020-07-12 13:41:48',10),(98,8,4,3,'2020-07-12 13:14:46',100),(98,10,8,1,'2020-07-14 05:49:54',10),(98,11,8,1,'2020-07-14 06:10:35',10),(98,13,8,6,NULL,0),(98,21,8,5,'2020-07-14 07:33:54',10),(98,25,8,1,NULL,0),(98,26,8,4,NULL,8),(99,2,2,3,NULL,4),(99,5,2,3,'2020-07-13 08:24:36',20),(99,6,2,2,'2020-07-13 08:25:57',20),(99,7,2,2,'2020-07-13 08:27:08',30),(99,8,4,1,'2020-07-12 12:56:37',100),(99,9,7,4,NULL,0),(99,12,7,1,NULL,12),(99,15,7,1,'2020-07-14 05:32:00',10),(99,18,7,1,NULL,7),(99,23,7,5,NULL,0),(99,24,7,1,'2020-07-14 08:15:48',20),(100,8,4,1,NULL,0),(101,2,2,1,'2020-07-13 12:02:25',10),(101,5,2,1,'2020-07-13 11:37:08',20),(101,7,2,2,'2020-07-13 11:38:09',30),(101,8,4,3,'2020-07-12 13:15:24',100),(101,9,6,1,'2020-07-14 05:20:34',10),(101,16,6,2,'2020-07-14 05:11:49',10),(101,20,6,8,NULL,0),(101,23,6,1,'2020-07-14 06:56:41',8),(101,25,6,1,'2020-07-14 08:00:05',0),(101,26,6,1,NULL,14),(102,2,2,3,NULL,4),(102,4,2,1,NULL,1),(102,5,2,1,'2020-07-12 14:31:02',20),(102,6,2,1,'2020-07-12 14:47:28',20),(102,7,2,1,NULL,25.945945945945947),(102,8,4,1,'2020-07-12 12:52:46',100),(102,9,7,1,NULL,9),(102,12,7,2,NULL,12),(102,15,7,1,'2020-07-14 05:41:04',10),(102,18,7,5,NULL,4),(102,23,7,1,'2020-07-14 06:30:10',0),(102,24,7,4,NULL,18),(103,8,4,3,'2020-07-12 13:25:03',100),(103,10,8,1,'2020-07-14 05:29:39',10),(103,11,8,16,NULL,0),(103,13,8,5,NULL,0),(103,21,8,2,'2020-07-14 06:40:40',10),(103,25,8,3,'2020-07-14 07:48:39',0),(103,26,8,10,NULL,14);
/*!40000 ALTER TABLE `ContestPerformance` ENABLE KEYS */;
UNLOCK TABLES;

--
-- Table structure for table `ContestProblem`
--

DROP TABLE IF EXISTS `ContestProblem`;
/*!40101 SET @saved_cs_client     = @@character_set_client */;
/*!40101 SET character_set_client = utf8 */;
CREATE TABLE `ContestProblem` (
  `problemId` int(11) NOT NULL AUTO_INCREMENT,
  `title` varchar(50) NOT NULL,
  `source` varchar(200) DEFAULT NULL,
  `author` varchar(100) DEFAULT NULL,
  `docType` varchar(20) NOT NULL,
  `timeLimit` int(11) NOT NULL COMMENT '单位：s',
  `timeLimitSpc` int(11) NOT NULL DEFAULT '0',
  `memoryLimit` int(11) NOT NULL COMMENT '单位：M',
  `submits` int(11) NOT NULL DEFAULT '0' COMMENT '总提交数',
  `accepts` int(11) NOT NULL DEFAULT '0' COMMENT '通过数',
  `isSpj` tinyint(1) NOT NULL DEFAULT '0',
  `addTime` timestamp NOT NULL DEFAULT CURRENT_TIMESTAMP,
  `judgeFiles` int(11) NOT NULL,
  `isShow` tinyint(1) NOT NULL DEFAULT '1',
  PRIMARY KEY (`problemId`)
) ENGINE=InnoDB DEFAULT CHARSET=utf8 COMMENT='比赛题目表';
/*!40101 SET character_set_client = @saved_cs_client */;

--
-- Dumping data for table `ContestProblem`
--

LOCK TABLES `ContestProblem` WRITE;
/*!40000 ALTER TABLE `ContestProblem` DISABLE KEYS */;
/*!40000 ALTER TABLE `ContestProblem` ENABLE KEYS */;
UNLOCK TABLES;

--
-- Table structure for table `ContestSolution`
--

DROP TABLE IF EXISTS `ContestSolution`;
/*!40101 SET @saved_cs_client     = @@character_set_client */;
/*!40101 SET character_set_client = utf8 */;
CREATE TABLE `ContestSolution` (
  `solutionId` bigint(20) NOT NULL AUTO_INCREMENT,
  `submitTime` timestamp NOT NULL DEFAULT CURRENT_TIMESTAMP,
  `judgeTime` timestamp NOT NULL DEFAULT CURRENT_TIMESTAMP,
  `judgeType` smallint(6) NOT NULL COMMENT '判题类型：0/ACM标准 1/OI标准 2/测试',
  `codeLength` int(11) NOT NULL COMMENT '代码长度，单位：B',
  `lang` smallint(6) NOT NULL,
  `problemId` int(11) DEFAULT NULL,
  `userId` int(11) NOT NULL,
  `contestId` int(11) DEFAULT NULL,
  `maxMemory` int(11) DEFAULT NULL COMMENT '单位：M',
  `maxTime` int(11) DEFAULT NULL COMMENT '单位：ms',
  `sumTime` int(11) DEFAULT NULL COMMENT '判题总时间，单位：ms',
  `sumCases` int(11) NOT NULL COMMENT '总case数',
  `passCases` int(11) DEFAULT NULL,
  `detailCases` varchar(200) DEFAULT NULL COMMENT '返回的详细通过情况',
  PRIMARY KEY (`solutionId`),
  KEY `problemId` (`problemId`),
  KEY `userId` (`userId`),
  KEY `contestId` (`contestId`)
) ENGINE=InnoDB AUTO_INCREMENT=135 DEFAULT CHARSET=utf8 COMMENT='代码提交表';
/*!40101 SET character_set_client = @saved_cs_client */;

--
-- Dumping data for table `ContestSolution`
--

LOCK TABLES `ContestSolution` WRITE;
/*!40000 ALTER TABLE `ContestSolution` DISABLE KEYS */;
INSERT INTO `ContestSolution` VALUES (1,'2020-07-11 11:39:22','2020-07-11 11:39:24',0,115,1,1,2,1,1636,2,2,1,1,'0'),(2,'2020-07-11 12:33:49','2020-07-11 12:33:50',0,144,1,1,2,1,0,0,0,1,0,'06'),(3,'2020-07-11 13:20:36','2020-07-11 13:20:47',0,136,2,1,2,1,3344,5,5,1,1,'0'),(4,'2020-07-11 13:22:23','2020-07-11 13:22:35',0,333,3,1,2,1,0,0,0,1,0,'06'),(5,'2020-07-11 17:29:08','2020-07-11 17:29:11',0,118,1,1,2,1,1644,2,2,1,1,'0'),(6,'2020-07-12 03:10:46','2020-07-12 03:11:00',3,119,1,1,2,1,1732,3,21,10,10,'0000000000'),(7,'2020-07-12 03:11:00','2020-07-12 08:12:09',3,3,1,1,2,1,0,0,0,10,0,'6'),(8,'2020-07-12 03:13:08','2020-07-12 03:13:14',3,57,1,1,2,1,1528,2007,20011,10,0,'2222222222'),(9,'2020-07-12 03:20:58','2020-07-12 03:21:02',3,144,1,1,2,1,1596,3,24,10,0,'7777777777'),(10,'2020-07-12 03:21:41','2020-07-12 03:21:41',3,112,1,1,2,1,1596,3,25,10,0,'7777777777'),(11,'2020-07-12 03:29:09','2020-07-12 03:29:09',3,144,1,1,2,1,1592,3,22,10,0,'7777777777'),(12,'2020-07-12 03:31:07','2020-07-12 03:31:21',3,174,1,1,2,1,1732,2,20,10,10,'0000000000'),(13,'2020-07-12 03:40:31','2020-07-12 03:40:34',3,174,1,1,2,1,1728,3,21,10,10,'0000000000'),(14,'2020-07-12 06:22:05','2020-07-12 06:22:14',3,174,1,1,2,1,1732,3,24,10,10,'0000000000'),(15,'2020-07-12 06:50:43','2020-07-12 06:50:46',3,174,1,1,2,1,1636,3,3,1,0,'7'),(16,'2020-07-12 06:52:03','2020-07-12 08:09:11',3,122,1,1,2,1,1728,3,22,1,10,'0000000000'),(17,'2020-07-12 07:01:21','2020-07-12 08:09:24',3,173,1,1,2,1,1728,2,20,10,9,'0007000000'),(18,'2020-07-12 07:02:41','2020-07-12 08:09:36',3,174,1,1,2,1,1724,4,22,10,10,'0000000000'),(19,'2020-07-12 07:03:01','2020-07-12 08:09:48',3,174,1,1,2,1,1728,2,20,10,10,'0000000000'),(20,'2020-07-12 07:03:52','2020-07-12 08:10:00',3,174,1,1,2,1,1736,3,21,10,10,'0000000000'),(21,'2020-07-12 07:11:32','2020-07-12 08:10:13',3,161,1,1,2,1,1724,2,20,10,9,'0007000000'),(22,'2020-07-12 10:12:49','2020-07-12 10:12:52',3,145,1,1,3,1,1720,3,24,10,10,'0000000000'),(23,'2020-07-12 10:25:17','2020-07-12 10:25:21',3,2,1,1,3,1,0,0,0,10,0,'6'),(24,'2020-07-12 10:26:26','2020-07-12 10:26:28',3,48,1,1,3,1,0,0,0,10,0,'6'),(25,'2020-07-12 10:27:23','2020-07-12 10:27:25',3,99,1,1,3,1,0,0,0,10,0,'6'),(26,'2020-07-12 10:29:28','2020-07-12 10:29:42',3,76,1,1,3,1,1524,2006,20012,10,0,'2222222222'),(27,'2020-07-12 10:31:48','2020-07-12 10:31:59',3,2,1,2,156,3,0,0,0,5,0,'6'),(28,'2020-07-12 10:36:21','2020-07-12 10:36:26',3,2463,2,2,158,3,11496,17,37,5,0,'77777'),(29,'2020-07-12 10:50:21','2020-07-12 10:50:35',3,2286,2,3,158,3,0,0,0,23,0,'6'),(30,'2020-07-12 10:51:15','2020-07-12 10:51:21',3,1853,2,4,158,3,1528,2,11,10,0,'3333333333'),(31,'2020-07-12 10:53:17','2020-07-12 10:53:19',3,787,2,7,157,3,3500,2003,10133,37,0,'7727777777777777777777777222727777777'),(32,'2020-07-12 10:55:03','2020-07-12 10:55:04',3,911,2,6,157,3,3588,7,116,26,0,'77777777777777777777777777'),(33,'2020-07-12 10:57:30','2020-07-12 10:57:32',3,1973,2,5,157,3,1584,1,14,14,0,'33333333333333'),(34,'2020-07-12 10:57:40','2020-07-12 10:57:49',3,1973,2,4,157,3,1584,2,11,10,0,'3333333333'),(35,'2020-07-12 10:57:51','2020-07-12 10:58:02',3,1973,2,3,157,3,1584,1,23,23,0,'33333333333333333333333'),(36,'2020-07-12 10:58:05','2020-07-12 10:58:29',3,1973,2,2,157,3,1584,1,5,5,0,'33333'),(37,'2020-07-12 10:58:17','2020-07-12 10:58:37',3,1973,2,6,157,3,1584,2,27,26,0,'33333333333333333333333333'),(38,'2020-07-12 10:58:36','2020-07-12 10:59:06',3,1973,2,7,157,3,1584,1,37,37,0,'3333333333333333333333333333333333333'),(39,'2020-07-12 11:02:16','2020-07-12 11:02:19',3,912,2,7,157,3,3652,6,160,37,0,'7777777777777777777777777777777777777'),(40,'2020-07-12 11:02:27','2020-07-12 11:02:59',3,912,2,5,157,3,3704,5,57,14,0,'77777777777777'),(41,'2020-07-12 11:02:41','2020-07-12 11:03:15',3,912,2,4,157,3,3608,5,41,10,0,'7777777777'),(42,'2020-07-12 11:02:51','2020-07-12 11:03:27',3,912,2,3,157,3,3652,5,96,23,0,'77777777777777777777777'),(43,'2020-07-12 11:03:01','2020-07-12 11:03:52',3,912,2,2,157,3,3588,5,22,5,0,'77777'),(44,'2020-07-12 11:07:39','2020-07-12 11:07:44',3,539,2,2,157,3,3880,5,22,5,5,'00000'),(45,'2020-07-12 11:08:46','2020-07-12 11:08:47',3,3444,2,2,157,3,3772,5,23,5,5,'00000'),(46,'2020-07-12 11:10:21','2020-07-12 11:10:24',3,1274,2,3,157,3,1584,1,23,23,0,'33333333333333333333333'),(47,'2020-07-12 11:13:16','2020-07-12 11:13:23',3,920,2,3,157,3,5424,46,295,23,23,'00000000000000000000000'),(48,'2020-07-12 11:14:11','2020-07-12 11:14:16',3,1142,2,4,157,3,23020,194,1416,10,10,'0000000000'),(49,'2020-07-12 11:15:09','2020-07-12 11:15:13',3,958,2,5,157,3,3528,5,59,14,14,'00000000000000'),(50,'2020-07-12 11:18:17','2020-07-12 11:18:21',3,918,2,7,157,3,3528,7,163,37,37,'0000000000000000000000000000000000000'),(51,'2020-07-12 11:18:50','2020-07-12 11:19:01',3,2,1,1,140,1,0,0,0,10,0,'6'),(52,'2020-07-12 11:21:53','2020-07-12 11:21:54',3,3345,2,6,157,3,3656,6,129,26,26,'00000000000000000000000000'),(53,'2020-07-12 11:58:44','2020-07-12 12:30:10',3,81,1,8,156,4,1616,3,23,10,1,'7770777777'),(54,'2020-07-12 12:02:06','2020-07-12 12:02:08',3,538,1,2,156,3,0,0,0,5,0,'6'),(55,'2020-07-12 12:02:25','2020-07-12 12:02:30',3,538,2,2,156,3,3928,5,24,5,5,'00000'),(56,'2020-07-12 12:04:13','2020-07-12 12:30:23',3,120,1,8,158,4,1732,3,21,10,10,'0000000000'),(57,'2020-07-12 12:05:30','2020-07-12 12:30:35',3,183,2,8,157,4,1728,2,20,10,8,'0000070700'),(58,'2020-07-12 12:14:24','2020-07-12 12:30:47',3,194,2,8,157,4,1732,3,22,10,7,'0000070770'),(59,'2020-07-12 12:32:47','2020-07-12 12:32:59',3,210,2,8,157,4,1736,2000,2019,10,8,'0000070200'),(60,'2020-07-12 12:33:58','2020-07-12 12:34:07',3,210,2,8,157,4,1724,2000,2020,10,8,'0000020700'),(61,'2020-07-12 12:34:26','2020-07-12 12:34:27',3,168,1,8,157,4,1728,2000,2018,10,9,'0000000200'),(62,'2020-07-12 12:41:56','2020-07-12 12:41:56',3,168,2,8,157,4,1728,1997,2020,10,9,'0000000200'),(63,'2020-07-12 12:43:52','2020-07-12 12:43:55',3,168,2,8,157,4,1728,2000,2020,10,9,'0000000200'),(64,'2020-07-12 12:44:09','2020-07-12 12:44:09',3,107,2,8,47,4,3492,6,44,10,10,'0000000000'),(65,'2020-07-12 12:44:45','2020-07-12 12:44:49',3,115,1,8,65,4,0,0,0,10,0,'6'),(66,'2020-07-12 12:44:50','2020-07-13 05:58:23',3,784,3,8,130,4,8408,275,2507,10,10,'0000000000'),(67,'2020-07-12 12:46:08','2020-07-12 12:46:11',3,108,2,8,118,4,3500,5,42,10,10,'0000000000'),(68,'2020-07-12 12:46:23','2020-07-12 12:46:25',3,227,2,8,25,4,3500,5,44,10,10,'0000000000'),(69,'2020-07-12 12:46:30','2020-07-12 12:46:37',3,115,2,8,65,4,3456,5,45,10,10,'0000000000'),(70,'2020-07-12 12:46:40','2020-07-12 12:46:49',3,129,2,8,59,4,3440,6,49,10,10,'0000000000'),(71,'2020-07-12 12:47:44','2020-07-12 12:47:46',3,107,2,8,33,4,0,0,0,10,0,'6'),(72,'2020-07-12 12:48:02','2020-07-12 12:48:08',3,147,2,8,77,4,3456,5,42,10,10,'0000000000'),(73,'2020-07-12 12:48:14','2020-07-12 12:48:21',3,118,2,8,88,4,3456,4,40,10,10,'0000000000'),(74,'2020-07-12 12:48:34','2020-07-13 05:58:35',3,210,3,8,130,4,8344,251,2354,10,10,'0000000000'),(75,'2020-07-12 12:52:34','2020-07-12 12:52:54',3,130,2,8,145,4,3500,6,40,10,10,'0000000000'),(76,'2020-07-12 12:52:46','2020-07-12 12:53:06',3,154,2,8,102,4,3460,6,43,10,10,'0000000000'),(77,'2020-07-12 12:52:57','2020-07-12 12:53:19',3,130,1,8,145,4,0,0,0,10,0,'6'),(78,'2020-07-12 12:53:07','2020-07-12 12:53:21',3,130,2,8,145,4,3460,5,44,10,10,'0000000000'),(79,'2020-07-12 12:53:09','2020-07-12 12:53:33',3,148,2,8,33,4,3328,5,45,10,0,'3333333333'),(80,'2020-07-12 12:53:39','2020-07-12 12:53:45',3,129,1,8,71,4,0,0,0,10,0,'6'),(81,'2020-07-12 12:53:48','2020-07-13 05:58:47',3,208,3,8,130,4,8340,243,2318,10,10,'0000000000'),(82,'2020-07-12 12:54:16','2020-07-12 12:54:19',3,130,2,8,33,4,3460,5,42,10,10,'0000000000'),(83,'2020-07-12 12:54:17','2020-07-12 12:54:31',3,129,2,8,71,4,3500,4,40,10,10,'0000000000'),(84,'2020-07-12 12:54:18','2020-07-13 06:03:31',3,202,3,8,130,4,8332,253,2308,10,10,'0000000000'),(85,'2020-07-12 12:54:34','2020-07-12 12:54:46',3,112,2,8,109,4,1732,3,23,10,10,'0000000000'),(86,'2020-07-12 12:55:21','2020-07-12 12:55:25',3,129,1,8,104,4,0,0,0,10,0,'6'),(87,'2020-07-12 12:55:47','2020-07-12 12:55:47',3,123,2,8,66,4,3564,5,47,10,10,'0000000000'),(88,'2020-07-12 12:56:18','2020-07-13 06:03:43',3,208,3,8,130,4,8448,247,2315,10,10,'0000000000'),(89,'2020-07-12 12:56:25','2020-07-12 12:56:28',3,115,2,8,34,4,3500,5,42,10,10,'0000000000'),(90,'2020-07-12 12:56:31','2020-07-12 12:56:40',3,168,2,8,157,4,1728,2000,2018,10,9,'0000000200'),(91,'2020-07-12 12:56:33','2020-07-12 12:56:54',3,114,2,8,142,4,0,0,0,10,0,'6'),(92,'2020-07-12 12:56:37','2020-07-13 06:05:16',3,260,3,8,99,4,8380,264,2303,10,10,'0000000000'),(93,'2020-07-12 12:56:38','2020-07-13 06:05:28',3,80,3,8,130,4,6884,222,1744,10,0,'7777777777'),(94,'2020-07-12 12:56:39','2020-07-12 12:57:01',3,129,2,8,104,4,3456,6,46,10,10,'0000000000'),(95,'2020-07-12 12:57:32','2020-07-12 12:57:33',3,168,2,8,157,4,1732,2000,2018,10,9,'0000000200'),(96,'2020-07-12 12:57:37','2020-07-13 06:07:20',3,80,3,8,130,4,0,0,0,10,0,'6'),(97,'2020-07-12 12:57:49','2020-07-12 12:57:50',3,128,2,8,26,4,3460,5,42,10,10,'0000000000'),(98,'2020-07-12 12:57:52','2020-07-12 12:58:02',3,152,2,8,107,4,1732,3,25,10,10,'0000000000'),(99,'2020-07-12 12:58:03','2020-07-12 12:58:14',3,104,1,8,63,4,1736,2,20,10,10,'0000000000'),(100,'2020-07-12 12:58:06','2020-07-12 12:58:26',3,123,2,8,27,4,3468,4,40,10,10,'0000000000'),(101,'2020-07-12 12:58:20','2020-07-12 12:58:40',3,159,2,8,91,4,3624,5,41,10,10,'0000000000'),(102,'2020-07-12 12:58:25','2020-07-12 12:58:53',3,91,1,8,35,4,1728,3,25,10,10,'0000000000'),(103,'2020-07-12 12:58:35','2020-07-12 12:59:05',3,104,1,8,36,4,0,0,0,10,0,'6'),(104,'2020-07-12 12:58:49','2020-07-12 12:59:07',3,125,2,8,157,4,1720,2,20,10,10,'0000000000'),(105,'2020-07-12 12:59:17','2020-07-12 12:59:20',3,101,2,8,93,4,0,0,0,10,0,'6'),(106,'2020-07-12 12:59:19','2020-07-12 12:59:22',3,149,1,8,143,4,0,0,0,10,0,'6'),(107,'2020-07-12 12:59:48','2020-07-12 12:59:51',3,149,2,8,143,4,3528,5,43,10,10,'0000000000'),(108,'2020-07-12 12:59:52','2020-07-12 13:00:03',3,123,2,8,57,4,3500,5,41,10,10,'0000000000'),(109,'2020-07-12 12:59:52','2020-07-12 13:00:16',3,144,2,8,92,4,3644,5,42,10,10,'0000000000'),(110,'2020-07-12 12:59:58','2020-07-12 13:00:28',3,75,2,8,153,4,0,0,0,10,0,'6'),(111,'2020-07-12 13:00:04','2020-07-12 13:00:30',3,119,1,8,151,4,1728,3,22,10,10,'0000000000'),(112,'2020-07-12 13:00:07','2020-07-12 13:00:42',3,101,1,8,30,4,1660,2007,20030,10,0,'2222222222'),(113,'2020-07-12 13:00:16','2020-07-12 13:01:14',3,208,2,8,8,4,3500,5,40,10,10,'0000000000'),(114,'2020-07-12 13:00:19','2020-07-12 13:01:28',3,59,2,8,6,4,0,0,0,10,0,'6'),(115,'2020-07-12 13:00:23','2020-07-12 13:01:30',3,127,1,8,90,4,0,0,0,10,0,'6'),(116,'2020-07-12 13:00:27','2020-07-12 13:01:32',3,99,2,8,46,4,3444,5,39,10,10,'0000000000'),(117,'2020-07-12 13:00:31','2020-07-12 13:01:44',3,164,2,8,71,4,3468,6,42,10,10,'0000000000'),(118,'2020-07-12 13:00:36','2020-07-13 06:09:22',3,78,3,8,130,4,6880,207,1748,10,0,'7777777777'),(119,'2020-07-12 13:00:53','2020-07-12 13:02:00',3,103,2,8,36,4,0,0,0,10,0,'6'),(120,'2020-07-12 13:00:53','2020-07-13 06:12:45',3,245,3,8,112,4,0,0,0,10,0,'6'),(121,'2020-07-12 13:00:59','2020-07-13 06:13:41',3,315,3,8,99,4,8348,271,2439,10,10,'0000000000'),(122,'2020-07-12 13:01:15','2020-07-12 13:02:06',3,97,2,8,153,4,3444,5,42,10,10,'0000000000'),(123,'2020-07-12 13:01:38','2020-07-13 05:46:22',3,80,3,2,130,2,1024,2003,10003,5,0,'22222'),(124,'2020-07-12 13:02:00','2020-07-12 13:02:20',3,49,1,8,127,4,0,0,0,10,0,'6'),(125,'2020-07-12 13:02:19','2020-07-12 13:02:23',3,227,2,8,25,4,3460,5,44,10,10,'0000000000'),(126,'2020-07-12 13:02:24','2020-07-12 13:02:35',3,187,2,8,93,4,3452,4,40,10,10,'0000000000'),(127,'2020-07-12 13:02:24','2020-07-12 13:02:47',3,110,1,8,1,4,0,0,0,10,0,'6'),(128,'2020-07-12 13:02:42','2020-07-12 13:02:49',3,109,2,8,55,4,3500,7,48,10,10,'0000000000'),(129,'2020-07-12 13:02:55','2020-07-12 13:03:01',3,104,1,8,37,4,1660,2009,20027,10,0,'2222222222'),(130,'2020-07-12 13:03:09','2020-07-12 13:03:34',3,108,2,8,132,4,0,0,0,10,0,'6'),(131,'2020-07-12 13:03:09','2020-07-12 13:03:36',3,113,1,8,30,4,1664,2005,20012,10,0,'2222222222'),(132,'2020-07-12 13:03:19','2020-07-12 13:04:08',3,113,1,8,6,4,0,0,0,10,0,'6'),(133,'2020-07-12 13:03:52','2020-07-12 13:04:10',3,104,2,8,37,4,1664,2007,20028,10,0,'2222222222'),(134,'2020-07-12 13:03:52','2020-07-13 06:18:50',3,332,3,8,99,4,8472,242,2056,10,9,'0700000000');
/*!40000 ALTER TABLE `ContestSolution` ENABLE KEYS */;
UNLOCK TABLES;

--
-- Table structure for table `ContestUser`
--

DROP TABLE IF EXISTS `ContestUser`;
/*!40101 SET @saved_cs_client     = @@character_set_client */;
/*!40101 SET character_set_client = utf8 */;
CREATE TABLE `ContestUser` (
  `userId` int(11) NOT NULL AUTO_INCREMENT,
  `name` varchar(100) NOT NULL,
  `password` varchar(60) NOT NULL,
  `ip` varchar(80) DEFAULT NULL,
  `registerTime` timestamp NOT NULL DEFAULT CURRENT_TIMESTAMP,
  `school` varchar(50) NOT NULL,
  `nick` varchar(50) NOT NULL,
  PRIMARY KEY (`userId`),
  UNIQUE KEY `name` (`name`)
) ENGINE=InnoDB AUTO_INCREMENT=211 DEFAULT CHARSET=utf8 COMMENT='private contest user';
/*!40101 SET character_set_client = @saved_cs_client */;

--
-- Dumping data for table `ContestUser`
--

LOCK TABLES `ContestUser` WRITE;
/*!40000 ALTER TABLE `ContestUser` DISABLE KEYS */;
INSERT INTO `ContestUser` VALUES (1,'CNIC063','2Wsk#21!*Kl','159.226.91.156','2020-07-11 16:28:17','others','CNIC063'),(2,'CNIC031','2Wsk#21!*Kl',NULL,'2020-07-11 16:28:17','others','CNIC031'),(3,'CNIC021','2Wsk#21!*Kl',NULL,'2020-07-11 16:28:17','others','CNIC021'),(4,'CNIC086','2Wsk#21!*Kl','159.226.91.156','2020-07-11 16:28:17','others','CNIC086'),(5,'CNIC083','2Wsk#21!*Kl','159.226.91.156','2020-07-11 16:28:17','others','CNIC083'),(6,'CNIC138','2Wsk#21!*Kl','159.226.91.156','2020-07-11 16:28:17','others','CNIC138'),(7,'CNIC101','2Wsk#21!*Kl','159.226.91.156','2020-07-11 16:28:17','others','CNIC101'),(8,'CNIC026','2Wsk#21!*Kl','159.226.91.156','2020-07-11 16:28:17','others','CNIC026'),(9,'CNIC002','2Wsk#21!*Kl','159.226.91.156','2020-07-11 16:28:17','others','CNIC002'),(10,'CNIC082','2Wsk#21!*Kl',NULL,'2020-07-11 16:28:17','others','CNIC082'),(11,'CNIC022','2Wsk#21!*Kl','159.226.91.156','2020-07-11 16:28:17','others','CNIC022'),(12,'CNIC045','2Wsk#21!*Kl','159.226.91.156','2020-07-11 16:28:17','others','CNIC045'),(13,'CNIC039','2Wsk#21!*Kl','159.226.91.156','2020-07-11 16:28:17','others','CNIC039'),(14,'CNIC117','2Wsk#21!*Kl','159.226.91.156','2020-07-11 16:28:17','others','CNIC117'),(15,'CNIC102','2Wsk#21!*Kl','159.226.91.156','2020-07-11 16:28:17','others','CNIC102'),(16,'CNIC145','2Wsk#21!*Kl','159.226.91.156','2020-07-11 16:28:17','others','CNIC145'),(17,'CNIC078','2Wsk#21!*Kl','159.226.91.156','2020-07-11 16:28:17','others','CNIC078'),(18,'CNIC112','2Wsk#21!*Kl','159.226.91.156','2020-07-11 16:28:17','others','CNIC112'),(19,'CNIC127','2Wsk#21!*Kl','159.226.91.156','2020-07-11 16:28:17','others','CNIC127'),(20,'CNIC148','2Wsk#21!*Kl','159.226.91.156','2020-07-11 16:28:17','others','CNIC148'),(21,'CNIC044','2Wsk#21!*Kl','159.226.91.156','2020-07-11 16:28:17','others','CNIC044'),(22,'CNIC072','2Wsk#21!*Kl','159.226.91.156','2020-07-11 16:28:17','others','CNIC072'),(23,'CNIC088','2Wsk#21!*Kl','159.226.91.156','2020-07-11 16:28:17','others','CNIC088'),(24,'CNIC133','2Wsk#21!*Kl',NULL,'2020-07-11 16:28:17','others','CNIC133'),(25,'CNIC151','2Wsk#21!*Kl','159.226.91.156','2020-07-11 16:28:17','others','CNIC151'),(26,'CNIC019','2Wsk#21!*Kl','159.226.91.156','2020-07-11 16:28:17','others','CNIC019'),(27,'CNIC053','2Wsk#21!*Kl','159.226.91.156','2020-07-11 16:28:17','others','CNIC053'),(28,'CNIC103','2Wsk#21!*Kl','159.226.91.156','2020-07-11 16:28:17','others','CNIC103'),(29,'CNIC108','2Wsk#21!*Kl','159.226.91.156','2020-07-11 16:28:17','others','CNIC108'),(30,'CNIC137','2Wsk#21!*Kl','159.226.91.156','2020-07-11 16:28:17','others','CNIC137'),(31,'CNIC065','2Wsk#21!*Kl','159.226.91.156','2020-07-11 16:28:17','others','CNIC065'),(32,'CNIC036','2Wsk#21!*Kl','159.226.91.156','2020-07-11 16:28:17','others','CNIC036'),(33,'CNIC050','2Wsk#21!*Kl','159.226.91.156','2020-07-11 16:28:17','others','CNIC050'),(34,'CNIC062','2Wsk#21!*Kl','159.226.91.156','2020-07-11 16:28:17','others','CNIC062'),(35,'CNIC017','2Wsk#21!*Kl','159.226.91.156','2020-07-11 16:28:17','others','CNIC017'),(36,'CNIC131','2Wsk#21!*Kl','159.226.91.156','2020-07-11 16:28:18','others','CNIC131'),(37,'CNIC119','2Wsk#21!*Kl','159.226.91.156','2020-07-11 16:28:18','others','CNIC119'),(38,'CNIC114','2Wsk#21!*Kl','159.226.91.156','2020-07-11 16:28:18','others','CNIC114'),(39,'CNIC098','2Wsk#21!*Kl','159.226.91.156','2020-07-11 16:28:18','others','CNIC098'),(40,'CNIC085','2Wsk#21!*Kl','159.226.91.156','2020-07-11 16:28:18','others','CNIC085'),(41,'CNIC042','2Wsk#21!*Kl','159.226.91.156','2020-07-11 16:28:18','others','CNIC042'),(42,'CNIC067','2Wsk#21!*Kl','159.226.91.156','2020-07-11 16:28:18','others','CNIC067'),(43,'CNIC123','2Wsk#21!*Kl',NULL,'2020-07-11 16:28:18','others','CNIC123'),(44,'CNIC152','2Wsk#21!*Kl','159.226.91.156','2020-07-11 16:28:18','others','CNIC152'),(45,'CNIC077','2Wsk#21!*Kl','159.226.91.156','2020-07-11 16:28:18','others','CNIC077'),(46,'CNIC129','2Wsk#21!*Kl','159.226.91.156','2020-07-11 16:28:18','others','CNIC129'),(47,'CNIC074','2Wsk#21!*Kl','159.226.91.156','2020-07-11 16:28:18','others','CNIC074'),(48,'CNIC094','2Wsk#21!*Kl',NULL,'2020-07-11 16:28:18','others','CNIC094'),(49,'CNIC089','2Wsk#21!*Kl','159.226.91.156','2020-07-11 16:28:18','others','CNIC089'),(50,'CNIC028','2Wsk#21!*Kl','159.226.91.156','2020-07-11 16:28:18','others','CNIC028'),(51,'CNIC055','2Wsk#21!*Kl','159.226.91.156','2020-07-11 16:28:18','others','CNIC055'),(52,'CNIC064','2Wsk#21!*Kl','159.226.91.156','2020-07-11 16:28:18','others','CNIC064'),(53,'CNIC043','2Wsk#21!*Kl',NULL,'2020-07-11 16:28:18','others','CNIC043'),(54,'CNIC081','2Wsk#21!*Kl','159.226.91.156','2020-07-11 16:28:18','others','CNIC081'),(55,'CNIC029','2Wsk#21!*Kl','159.226.91.156','2020-07-11 16:28:18','others','CNIC029'),(56,'CNIC105','2Wsk#21!*Kl','159.226.91.156','2020-07-11 16:28:18','others','CNIC105'),(57,'CNIC110','2Wsk#21!*Kl','159.226.91.156','2020-07-11 16:28:18','others','CNIC110'),(58,'CNIC079','2Wsk#21!*Kl',NULL,'2020-07-11 16:28:18','others','CNIC079'),(59,'CNIC016','2Wsk#21!*Kl','159.226.91.156','2020-07-11 16:28:18','others','CNIC016'),(60,'CNIC007','2Wsk#21!*Kl','159.226.91.156','2020-07-11 16:28:18','others','CNIC007'),(61,'CNIC113','2Wsk#21!*Kl','159.226.91.156','2020-07-11 16:28:18','others','CNIC113'),(62,'CNIC143','2Wsk#21!*Kl','159.226.91.156','2020-07-11 16:28:18','others','CNIC143'),(63,'CNIC090','2Wsk#21!*Kl','159.226.91.156','2020-07-11 16:28:18','others','CNIC090'),(64,'CNIC003','2Wsk#21!*Kl','159.226.91.156','2020-07-11 16:28:18','others','CNIC003'),(65,'CNIC111','2Wsk#21!*Kl','159.226.91.156','2020-07-11 16:28:18','others','CNIC111'),(66,'CNIC121','2Wsk#21!*Kl','159.226.91.156','2020-07-11 16:28:18','others','CNIC121'),(67,'CNIC046','2Wsk#21!*Kl','159.226.91.156','2020-07-11 16:28:18','others','CNIC046'),(68,'CNIC116','2Wsk#21!*Kl','159.226.91.156','2020-07-11 16:28:18','others','CNIC116'),(69,'CNIC014','2Wsk#21!*Kl','159.226.91.156','2020-07-11 16:28:18','others','CNIC014'),(70,'CNIC030','2Wsk#21!*Kl','159.226.91.156','2020-07-11 16:28:18','others','CNIC030'),(71,'CNIC041','2Wsk#21!*Kl','159.226.91.156','2020-07-11 16:28:18','others','CNIC041'),(72,'CNIC142','2Wsk#21!*Kl',NULL,'2020-07-11 16:28:18','others','CNIC142'),(73,'CNIC034','2Wsk#21!*Kl','159.226.91.156','2020-07-11 16:28:18','others','CNIC034'),(74,'CNIC132','2Wsk#21!*Kl',NULL,'2020-07-11 16:28:18','others','CNIC132'),(75,'CNIC153','2Wsk#21!*Kl','159.226.91.156','2020-07-11 16:28:18','others','CNIC153'),(76,'CNIC073','2Wsk#21!*Kl','159.226.91.156','2020-07-11 16:28:18','others','CNIC073'),(77,'CNIC024','2Wsk#21!*Kl','159.226.91.156','2020-07-11 16:28:18','others','CNIC024'),(78,'CNIC091','2Wsk#21!*Kl',NULL,'2020-07-11 16:28:18','others','CNIC091'),(79,'CNIC141','2Wsk#21!*Kl','159.226.91.156','2020-07-11 16:28:18','others','CNIC141'),(80,'CNIC010','2Wsk#21!*Kl','159.226.91.156','2020-07-11 16:28:18','others','CNIC010'),(81,'CNIC135','2Wsk#21!*Kl','159.226.91.156','2020-07-11 16:28:18','others','CNIC135'),(82,'CNIC093','2Wsk#21!*Kl','159.226.91.156','2020-07-11 16:28:18','others','CNIC093'),(83,'CNIC106','2Wsk#21!*Kl','159.226.91.156','2020-07-11 16:28:18','others','CNIC106'),(84,'CNIC146','2Wsk#21!*Kl','159.226.91.156','2020-07-11 16:28:18','others','CNIC146'),(85,'CNIC115','2Wsk#21!*Kl','159.226.91.156','2020-07-11 16:28:18','others','CNIC115'),(86,'CNIC020','2Wsk#21!*Kl','159.226.91.156','2020-07-11 16:28:18','others','CNIC020'),(87,'CNIC058','2Wsk#21!*Kl','159.226.91.156','2020-07-11 16:28:18','others','CNIC058'),(88,'CNIC052','2Wsk#21!*Kl','159.226.91.156','2020-07-11 16:28:19','others','CNIC052'),(89,'CNIC128','2Wsk#21!*Kl','159.226.91.156','2020-07-11 16:28:19','others','CNIC128'),(90,'CNIC095','2Wsk#21!*Kl','159.226.91.156','2020-07-11 16:28:19','others','CNIC095'),(91,'CNIC013','2Wsk#21!*Kl','159.226.91.156','2020-07-11 16:28:19','others','CNIC013'),(92,'CNIC107','2Wsk#21!*Kl','159.226.91.156','2020-07-11 16:28:19','others','CNIC107'),(93,'CNIC066','2Wsk#21!*Kl','159.226.91.156','2020-07-11 16:28:19','others','CNIC066'),(94,'CNIC054','2Wsk#21!*Kl','159.226.91.156','2020-07-11 16:28:19','others','CNIC054'),(95,'CNIC099','2Wsk#21!*Kl','159.226.91.156','2020-07-11 16:28:19','others','CNIC099'),(96,'CNIC124','2Wsk#21!*Kl','159.226.91.156','2020-07-11 16:28:19','others','CNIC124'),(97,'CNIC015','2Wsk#21!*Kl',NULL,'2020-07-11 16:28:19','others','CNIC015'),(98,'CNIC037','2Wsk#21!*Kl','159.226.91.156','2020-07-11 16:28:19','others','CNIC037'),(99,'CNIC060','2Wsk#21!*Kl','159.226.91.156','2020-07-11 16:28:19','others','CNIC060'),(100,'CNIC150','2Wsk#21!*Kl','159.226.91.156','2020-07-11 16:28:19','others','CNIC150'),(101,'CNIC070','2Wsk#21!*Kl','159.226.91.156','2020-07-11 16:28:19','others','CNIC070'),(102,'CNIC125','2Wsk#21!*Kl','159.226.91.156','2020-07-11 16:28:19','others','CNIC125'),(103,'CNIC009','2Wsk#21!*Kl','159.226.91.156','2020-07-11 16:28:19','others','CNIC009'),(104,'CNIC051','2Wsk#21!*Kl','159.226.91.156','2020-07-11 16:28:19','others','CNIC051'),(105,'CNIC032','2Wsk#21!*Kl',NULL,'2020-07-11 16:28:19','others','CNIC032'),(106,'CNIC023','2Wsk#21!*Kl','159.226.91.156','2020-07-11 16:28:19','others','CNIC023'),(107,'CNIC120','2Wsk#21!*Kl','159.226.91.156','2020-07-11 16:28:19','others','CNIC120'),(108,'CNIC069','2Wsk#21!*Kl',NULL,'2020-07-11 16:28:19','others','CNIC069'),(109,'CNIC122','2Wsk#21!*Kl','159.226.91.156','2020-07-11 16:28:19','others','CNIC122'),(110,'CNIC033','2Wsk#21!*Kl','159.226.91.156','2020-07-11 16:28:19','others','CNIC033'),(111,'CNIC136','2Wsk#21!*Kl',NULL,'2020-07-11 16:28:19','others','CNIC136'),(112,'CNIC027','2Wsk#21!*Kl','159.226.91.156','2020-07-11 16:28:19','others','CNIC027'),(113,'CNIC048','2Wsk#21!*Kl','159.226.91.156','2020-07-11 16:28:19','others','CNIC048'),(114,'CNIC096','2Wsk#21!*Kl','159.226.91.156','2020-07-11 16:28:19','others','CNIC096'),(115,'CNIC040','2Wsk#21!*Kl','159.226.91.156','2020-07-11 16:28:19','others','CNIC040'),(116,'CNIC087','2Wsk#21!*Kl','159.226.91.156','2020-07-11 16:28:19','others','CNIC087'),(117,'CNIC018','2Wsk#21!*Kl','159.226.91.156','2020-07-11 16:28:19','others','CNIC018'),(118,'CNIC057','2Wsk#21!*Kl','159.226.91.156','2020-07-11 16:28:19','others','CNIC057'),(119,'CNIC080','2Wsk#21!*Kl','159.226.91.156','2020-07-11 16:28:19','others','CNIC080'),(120,'CNIC139','2Wsk#21!*Kl','159.226.91.156','2020-07-11 16:28:19','others','CNIC139'),(121,'CNIC140','2Wsk#21!*Kl','159.226.91.156','2020-07-11 16:28:19','others','CNIC140'),(122,'CNIC008','2Wsk#21!*Kl','159.226.91.156','2020-07-11 16:28:19','others','CNIC008'),(123,'CNIC049','2Wsk#21!*Kl','159.226.91.156','2020-07-11 16:28:19','others','CNIC049'),(124,'CNIC100','2Wsk#21!*Kl','159.226.91.156','2020-07-11 16:28:19','others','CNIC100'),(125,'CNIC075','2Wsk#21!*Kl','159.226.91.156','2020-07-11 16:28:19','others','CNIC075'),(126,'CNIC025','2Wsk#21!*Kl','159.226.91.156','2020-07-11 16:28:19','others','CNIC025'),(127,'CNIC056','2Wsk#21!*Kl','159.226.91.156','2020-07-11 16:28:19','others','CNIC056'),(128,'CNIC076','2Wsk#21!*Kl','159.226.91.156','2020-07-11 16:28:19','others','CNIC076'),(129,'CNIC126','2Wsk#21!*Kl','159.226.91.156','2020-07-11 16:28:19','others','CNIC126'),(130,'CNIC104','2Wsk#21!*Kl','159.226.91.156','2020-07-11 16:28:19','others','CNIC104'),(131,'CNIC097','2Wsk#21!*Kl','159.226.91.156','2020-07-11 16:28:19','others','CNIC097'),(132,'CNIC035','2Wsk#21!*Kl','159.226.91.156','2020-07-11 16:28:19','others','CNIC035'),(133,'CNIC012','2Wsk#21!*Kl','159.226.91.156','2020-07-11 16:28:19','others','CNIC012'),(134,'CNIC004','2Wsk#21!*Kl',NULL,'2020-07-11 16:28:19','others','CNIC004'),(135,'CNIC005','2Wsk#21!*Kl','159.226.91.156','2020-07-11 16:28:19','others','CNIC005'),(136,'CNIC038','2Wsk#21!*Kl','159.226.91.156','2020-07-11 16:28:19','others','CNIC038'),(137,'CNIC147','2Wsk#21!*Kl','159.226.91.156','2020-07-11 16:28:20','others','CNIC147'),(138,'CNIC061','2Wsk#21!*Kl','159.226.91.156','2020-07-11 16:28:20','others','CNIC061'),(139,'CNIC092','2Wsk#21!*Kl','159.226.91.156','2020-07-11 16:28:20','others','CNIC092'),(140,'CNIC109','2Wsk#21!*Kl','159.226.91.156','2020-07-11 16:28:20','others','CNIC109'),(141,'CNIC144','2Wsk#21!*Kl','159.226.91.156','2020-07-11 16:28:20','others','CNIC144'),(142,'CNIC001','2Wsk#21!*Kl','159.226.91.156','2020-07-11 16:28:20','others','CNIC001'),(143,'CNIC068','2Wsk#21!*Kl','159.226.91.156','2020-07-11 16:28:20','others','CNIC068'),(144,'CNIC059','2Wsk#21!*Kl','159.226.91.156','2020-07-11 16:28:20','others','CNIC059'),(145,'CNIC071','2Wsk#21!*Kl','159.226.91.156','2020-07-11 16:28:20','others','CNIC071'),(146,'CNIC149','2Wsk#21!*Kl','159.226.91.156','2020-07-11 16:28:20','others','CNIC149'),(147,'CNIC047','2Wsk#21!*Kl','159.226.91.156','2020-07-11 16:28:20','others','CNIC047'),(148,'CNIC134','2Wsk#21!*Kl','159.226.91.156','2020-07-11 16:28:20','others','CNIC134'),(149,'CNIC011','2Wsk#21!*Kl','159.226.91.156','2020-07-11 16:28:20','others','CNIC011'),(150,'CNIC130','2Wsk#21!*Kl','159.226.91.156','2020-07-11 16:28:20','others','CNIC130'),(151,'CNIC006','2Wsk#21!*Kl','159.226.91.156','2020-07-11 16:28:20','others','CNIC006'),(152,'CNIC084','2Wsk#21!*Kl','159.226.91.156','2020-07-11 16:28:20','others','CNIC084'),(153,'CNIC118','2Wsk#21!*Kl','159.226.91.156','2020-07-11 16:28:20','others','CNIC118'),(154,'CNIC000','033116','159.226.91.156','2020-07-11 16:28:44','ucas','cnic000'),(155,'team1_3','xGeeme0I',NULL,'2020-07-12 09:58:59','cnic','team1_3'),(156,'lybmath','123','10.100.6.2','2020-07-12 10:03:14','cnic','lyb'),(157,'sea','123','10.100.6.2','2020-07-12 10:03:40','cnic','sea'),(158,'wujiahao','123','10.100.6.2','2020-07-12 10:03:56','cnic','wjh'),(159,'team1_4','123','159.226.91.156','2020-07-13 08:50:41','cnic','team1_4'),(160,'zcy','123','159.226.91.156','2020-07-13 10:29:08','ICT','zcy'),(161,'zph','123','10.100.6.2','2020-07-13 10:29:24','ICT','zph'),(162,'ICT001','421893','159.226.91.156','2020-07-16 07:26:07','others','ICT001'),(163,'ICT002','652945','159.226.91.156','2020-07-16 07:26:07','others','ICT002'),(164,'ICT003','655449','159.226.91.156','2020-07-16 07:26:07','others','ICT003'),(165,'ICT004','948230','159.226.91.156','2020-07-16 07:26:07','others','ICT004'),(166,'ICT005','230721','159.226.91.156','2020-07-16 07:26:07','others','ICT005'),(167,'ICT006','807740','159.226.91.156','2020-07-16 07:26:07','others','ICT006'),(168,'ICT007','415550','159.226.91.156','2020-07-16 07:26:07','others','ICT007'),(169,'ICT008','460880',NULL,'2020-07-16 07:26:07','others','ICT008'),(170,'ICT009','146231','159.226.91.156','2020-07-16 07:26:07','others','ICT009'),(171,'ICT010','697600','159.226.91.156','2020-07-16 07:26:07','others','ICT010'),(172,'ICT011','846931','159.226.91.156','2020-07-16 07:26:07','others','ICT011'),(173,'ICT012','847050','159.226.91.156','2020-07-16 07:26:07','others','ICT012'),(174,'ICT013','365379','159.226.91.156','2020-07-16 07:26:07','others','ICT013'),(175,'ICT014','707369','159.226.91.156','2020-07-16 07:26:07','others','ICT014'),(176,'ICT015','304531','159.226.91.156','2020-07-16 07:26:07','others','ICT015'),(177,'ICT016','415722','159.226.91.156','2020-07-16 07:26:07','others','ICT016'),(178,'ICT017','180779','159.226.91.156','2020-07-16 07:26:07','others','ICT017'),(179,'ICT018','227847','159.226.91.156','2020-07-16 07:26:07','others','ICT018'),(180,'ICT019','851184','159.226.91.156','2020-07-16 07:26:07','others','ICT019'),(181,'ICThkl','487372','159.226.91.156','2020-07-16 07:26:07','others','ICThkl'),(182,'ICTxjl','507057','159.226.91.156','2020-07-16 07:26:07','others','ICTxjl'),(183,'ICTxwl','725953','159.226.91.156','2020-07-16 07:26:07','others','ICTxwl'),(184,'ICTncq','486396',NULL,'2020-07-16 07:26:07','others','ICTncq'),(185,'ICTwzw','255614','159.226.91.156','2020-07-16 07:26:07','others','ICTwzw'),(186,'ICTzgx','283358','159.226.91.156','2020-07-16 07:26:07','others','ICTzgx'),(187,'ICTcyt','142651','159.226.91.156','2020-07-16 07:26:07','others','ICTcyt'),(188,'ICTnr','485585','159.226.91.156','2020-07-16 07:26:07','others','ICTnr'),(189,'ICT020','568965','159.226.91.156','2020-07-16 07:26:08','others','ICT020'),(190,'ICT021','371811','159.226.91.156','2020-07-17 03:46:30','others','ICT021'),(191,'ICTxf','506830','159.226.91.156','2020-07-17 04:39:15','others','ICTxf'),(192,'ICTmm','449530','159.226.91.156','2020-07-17 04:39:16','others','ICTmm'),(193,'cnic0212','FEIYWX','10.100.6.2','2020-07-17 12:50:20','CNIC','cnic0212'),(194,'cnic1307','S4GO2U','10.100.6.2','2020-07-17 12:50:20','CNIC','cnic1307'),(195,'cnic0612','UA41YM','10.100.6.2','2020-07-17 12:50:20','CNIC','cnic0612'),(196,'cnic2200','AIDVLV','10.100.6.2','2020-07-17 12:50:20','CNIC','cnic2200'),(197,'cnic0713','L33NHX','10.100.6.2','2020-07-17 12:50:20','CNIC','cnic0713'),(198,'cnic0000','KH2N4E','10.100.6.2','2020-07-17 12:50:20','CNIC','cnic0000'),(199,'cnic2969','KRDYJ4','10.100.6.2','2020-07-17 12:50:20','CNIC','cnic2969'),(200,'cnic5237','LYYHN5','10.100.6.2','2020-07-17 12:50:20','CNIC','cnic5237'),(201,'cnic2917','JY3UHM','10.100.6.2','2020-07-17 12:50:20','CNIC','cnic2917'),(202,'cnic0514','XVTITY','10.100.6.2','2020-07-17 12:50:20','CNIC','cnic0514'),(203,'cnic2192','GOBQB1','10.100.6.2','2020-07-17 12:50:20','CNIC','cnic2192'),(204,'cnic0997','KF14AM','10.100.6.2','2020-07-17 12:50:20','CNIC','cnic0997'),(205,'cnic0005','F43FCF','10.100.6.2','2020-07-17 12:50:22','CNIC','cnic0005'),(206,'team1001_11','6OfnWW2p','159.226.91.156','2020-07-18 08:02:20','chen','team1001_11'),(207,'cnic1118','Jasd1K','10.100.6.2','2020-07-20 02:12:08','CNIC','cnic1118'),(208,'cnic1527','123456','10.100.6.2','2020-08-08 10:01:04','cnic','cnic1527'),(209,'cyx','123456','10.100.6.2','2020-08-08 10:01:47','ict','cyx'),(210,'team111_1','MVy_nz5E',NULL,'2020-08-08 04:51:37','111','team111_1');
/*!40000 ALTER TABLE `ContestUser` ENABLE KEYS */;
UNLOCK TABLES;

--
-- Table structure for table `ErrorLog`
--

DROP TABLE IF EXISTS `ErrorLog`;
/*!40101 SET @saved_cs_client     = @@character_set_client */;
/*!40101 SET character_set_client = utf8 */;
CREATE TABLE `ErrorLog` (
  `id` int(11) NOT NULL AUTO_INCREMENT,
  `logTime` timestamp NOT NULL DEFAULT CURRENT_TIMESTAMP,
  `logTable` varchar(50) DEFAULT NULL,
  `logEvent` varchar(200) DEFAULT NULL,
  PRIMARY KEY (`id`)
) ENGINE=InnoDB AUTO_INCREMENT=17 DEFAULT CHARSET=utf8;
/*!40101 SET character_set_client = @saved_cs_client */;

--
-- Dumping data for table `ErrorLog`
--

LOCK TABLES `ErrorLog` WRITE;
/*!40000 ALTER TABLE `ErrorLog` DISABLE KEYS */;
INSERT INTO `ErrorLog` VALUES (1,'2021-08-07 09:41:32','test','test'),(2,'2021-08-07 09:42:51','test','test'),(3,'2021-08-07 09:51:37','test','test'),(4,'2021-08-19 06:42:21','test','test'),(5,'2021-08-19 06:46:12','test','test'),(6,'2021-08-19 07:53:07','test','test'),(7,'2021-08-19 08:13:38','test','test'),(8,'2021-08-19 08:14:53','test','test'),(9,'2021-08-19 08:29:31','test','test'),(10,'2021-08-20 07:47:28','test','test'),(11,'2021-08-21 05:42:24','test','test'),(12,'2021-08-23 05:45:39','test','test'),(13,'2021-08-24 03:16:30','test','test'),(14,'2021-08-24 03:22:08','test','test'),(15,'2021-08-24 05:18:38','test','test'),(16,'2021-08-24 08:27:19','test','test');
/*!40000 ALTER TABLE `ErrorLog` ENABLE KEYS */;
UNLOCK TABLES;

--
-- Table structure for table `FileUploadRecord`
--

DROP TABLE IF EXISTS `FileUploadRecord`;
/*!40101 SET @saved_cs_client     = @@character_set_client */;
/*!40101 SET character_set_client = utf8 */;
CREATE TABLE `FileUploadRecord` (
  `fileId` bigint(20) NOT NULL AUTO_INCREMENT COMMENT '文件的编号',
  `expId` int(11) NOT NULL COMMENT '实验的id，即第几次实验',
  `userId` int(11) NOT NULL COMMENT '作业上传者id',
  `result` varchar(50) DEFAULT NULL COMMENT '记录本次作业通过多少个测试用例。\n"7,10,8,11"表示：\n第一个测试共10个，通过了7个\n第二个测试共11个，通过了8个',
  `status` int(11) NOT NULL,
  `statusDescr` varchar(100) DEFAULT NULL,
  `uploadTime` timestamp NOT NULL DEFAULT CURRENT_TIMESTAMP COMMENT '作业上传时间',
  PRIMARY KEY (`fileId`),
  KEY `expId` (`expId`),
  KEY `userId` (`userId`)
) ENGINE=InnoDB AUTO_INCREMENT=174 DEFAULT CHARSET=utf8 COMMENT='保存全部用户的全部作业提交记录';
/*!40101 SET character_set_client = @saved_cs_client */;

--
-- Dumping data for table `FileUploadRecord`
--

LOCK TABLES `FileUploadRecord` WRITE;
/*!40000 ALTER TABLE `FileUploadRecord` DISABLE KEYS */;
INSERT INTO `FileUploadRecord` VALUES (1,1,1,NULL,900,'','2021-07-29 21:44:36'),(2,15,1,NULL,900,'','2021-07-30 07:36:08'),(3,15,1,NULL,900,'','2021-07-30 08:10:43'),(4,15,1,NULL,900,'','2021-07-30 09:26:46'),(5,15,1,NULL,900,'','2021-07-30 09:27:52'),(6,15,1,NULL,900,'','2021-07-30 09:29:09'),(7,15,1,NULL,900,'','2021-07-30 12:44:19'),(8,15,1,NULL,900,'','2021-08-04 12:07:29'),(9,15,1,NULL,900,'','2021-08-04 12:28:35'),(10,15,1,NULL,900,'','2021-08-04 12:56:01'),(11,15,1,NULL,900,'','2021-08-05 01:56:25'),(12,15,1,NULL,900,'','2021-08-05 07:17:25'),(13,15,1,NULL,900,'','2021-08-06 03:46:18'),(14,15,1,NULL,900,'','2021-08-06 05:59:55'),(15,15,1,NULL,900,'','2021-08-06 06:01:09'),(16,15,1,NULL,900,'','2021-08-06 06:04:24'),(17,15,1,NULL,900,'','2021-08-06 06:05:35'),(18,15,1,NULL,900,'','2021-08-06 06:08:02'),(19,15,1,NULL,900,'','2021-08-06 06:09:07'),(20,15,1,NULL,900,'','2021-08-06 06:11:34'),(21,15,1,NULL,900,'','2021-08-06 06:19:38'),(22,15,1,NULL,900,NULL,'2021-08-06 09:03:59'),(23,15,1,NULL,900,NULL,'2021-08-06 09:05:59'),(24,15,1,NULL,900,NULL,'2021-08-06 09:07:22'),(25,15,1,NULL,900,NULL,'2021-08-06 09:09:31'),(26,15,1,NULL,900,NULL,'2021-08-06 09:16:36'),(27,15,1,NULL,900,NULL,'2021-08-06 09:41:45'),(28,15,1,NULL,900,NULL,'2021-08-06 09:45:10'),(29,15,1,NULL,900,NULL,'2021-08-06 09:45:28'),(30,15,1,NULL,900,NULL,'2021-08-06 09:45:46'),(31,15,1,NULL,900,NULL,'2021-08-06 09:46:35'),(32,15,1,NULL,900,NULL,'2021-08-06 09:47:55'),(33,15,1,NULL,900,NULL,'2021-08-06 09:48:12'),(34,15,1,NULL,900,NULL,'2021-08-06 09:48:29'),(35,15,1,NULL,900,NULL,'2021-08-06 09:55:46'),(36,16,1,NULL,901,NULL,'2021-08-08 03:44:55'),(37,16,1,NULL,901,NULL,'2021-08-08 03:48:05'),(38,16,1,NULL,900,NULL,'2021-08-08 05:19:25'),(39,16,1,NULL,901,NULL,'2021-08-08 05:21:08'),(40,16,1,NULL,901,NULL,'2021-08-08 05:26:02'),(41,16,1,NULL,901,NULL,'2021-08-08 05:51:40'),(42,16,1,NULL,901,NULL,'2021-08-08 05:58:56'),(43,16,1,NULL,901,NULL,'2021-08-08 06:10:57'),(44,16,1,NULL,901,NULL,'2021-08-08 06:13:16'),(45,16,1,NULL,901,NULL,'2021-08-08 06:21:13'),(46,16,1,NULL,901,NULL,'2021-08-08 06:22:03'),(47,16,1,NULL,901,NULL,'2021-08-08 06:23:06'),(48,16,1,NULL,901,NULL,'2021-08-08 06:32:59'),(49,16,1,NULL,901,NULL,'2021-08-08 06:33:29'),(50,16,1,NULL,901,NULL,'2021-08-08 06:37:07'),(51,16,1,NULL,901,NULL,'2021-08-08 06:45:31'),(52,16,1,NULL,901,NULL,'2021-08-08 06:48:26'),(53,16,1,NULL,901,NULL,'2021-08-08 06:50:23'),(54,16,1,NULL,901,NULL,'2021-08-08 06:51:47'),(55,16,1,NULL,901,NULL,'2021-08-08 06:53:31'),(56,16,1,NULL,901,NULL,'2021-08-08 06:59:55'),(57,16,1,NULL,901,NULL,'2021-08-08 07:01:59'),(58,16,1,NULL,400,'无makefile','2021-08-08 07:02:32'),(59,16,1,NULL,900,'正在判题，请手动刷新获取最新结果','2021-08-08 13:23:31'),(60,16,1,NULL,900,'正在判题，请手动刷新获取最新结果','2021-08-08 13:24:11'),(61,16,1,NULL,900,'正在判题，请手动刷新获取最新结果','2021-08-08 13:27:03'),(62,16,1,NULL,900,'正在判题，请手动刷新获取最新结果','2021-08-08 13:29:33'),(63,16,1,NULL,100,'Run result: GeneralTopo tests pass 5/5; LossTopo tests pass 5/5','2021-08-08 13:33:05'),(64,16,1,NULL,200,'Compile fails','2021-08-08 13:33:26'),(65,16,1,NULL,200,'No makefile','2021-08-08 13:33:39'),(66,16,1,NULL,100,'Run result: GeneralTopo tests pass 5/5; LossTopo tests pass 5/5','2021-08-08 13:35:03'),(67,16,1,NULL,200,'Compile fails','2021-08-08 13:35:29'),(68,16,1,NULL,200,'No makefile','2021-08-08 13:35:47'),(69,16,1,NULL,100,'Run result: GeneralTopo tests pass 5/5; LossTopo tests pass 5/5','2021-08-09 09:26:40'),(70,16,1,NULL,300,'Run result: GeneralTopo tests pass 5/5; LossTopo tests pass 5/4','2021-08-09 09:31:56'),(71,16,1,NULL,100,'Run result: GeneralTopo tests pass 5/5; LossTopo tests pass 5/5','2021-08-09 09:34:05'),(72,16,1,NULL,100,'Run result: GeneralTopo tests pass 5/5; LossTopo tests pass 5/5','2021-08-09 09:36:05'),(73,16,1,NULL,100,'Run result: GeneralTopo tests pass 5/5; LossTopo tests pass 5/5','2021-08-09 09:36:34'),(74,16,1,NULL,100,'Run result: GeneralTopo tests pass 5/5; LossTopo tests pass 5/5','2021-08-09 09:38:50'),(75,16,1,NULL,100,'Run result: GeneralTopo tests pass 5/5; LossTopo tests pass 5/5','2021-08-09 10:48:42'),(76,16,1,NULL,100,'Run result: GeneralTopo tests pass 5/5; LossTopo tests pass 5/5','2021-08-11 01:43:43'),(77,16,1,NULL,100,'Run result: GeneralTopo tests pass 5/5; LossTopo tests pass 5/5','2021-08-11 01:46:41'),(78,16,1,NULL,100,'Run result: GeneralTopo tests pass 5/5; LossTopo tests pass 5/5','2021-08-11 01:47:43'),(79,16,1,NULL,100,'Run result: GeneralTopo tests pass 5/5; LossTopo tests pass 5/5','2021-08-11 01:50:44'),(80,16,1,NULL,100,'Run result: GeneralTopo tests pass 5/5; LossTopo tests pass 5/5','2021-08-11 01:56:10'),(81,16,1,NULL,100,'Run result: GeneralTopo tests pass 5/5; LossTopo tests pass 5/5','2021-08-11 01:57:26'),(82,16,1,NULL,100,'Run result: GeneralTopo tests pass 5/5; LossTopo tests pass 5/5','2021-08-11 02:01:10'),(83,16,1,NULL,100,'Run result: GeneralTopo tests pass 5/5; LossTopo tests pass 5/5','2021-08-11 02:33:11'),(84,16,1,NULL,100,'Run result: GeneralTopo tests pass 5/5; LossTopo tests pass 5/5','2021-08-11 02:34:10'),(85,16,1,NULL,100,'Run result: GeneralTopo tests pass 5/5; LossTopo tests pass 5/5','2021-08-11 02:34:31'),(86,16,1,NULL,100,'Run result: GeneralTopo tests pass 5/5; LossTopo tests pass 5/5','2021-08-11 02:36:01'),(87,16,1,NULL,100,'Run result: GeneralTopo tests pass 5/5; LossTopo tests pass 5/5','2021-08-11 02:36:30'),(88,16,1,NULL,200,'No makefile','2021-08-11 03:12:59'),(89,16,1,NULL,100,'Run result: GeneralTopo tests pass 5/5; LossTopo tests pass 5/5','2021-08-11 03:31:32'),(90,16,1,NULL,100,'Run result: GeneralTopo tests pass 5/5; LossTopo tests pass 5/5','2021-08-11 03:59:35'),(91,16,1,NULL,900,'正在判题，请手动刷新获取最新结果.if long time not update, please contact admin','2021-08-11 04:00:14'),(92,16,1,NULL,200,'Compile fails','2021-08-11 04:02:41'),(93,16,1,NULL,100,'Run result: GeneralTopo tests pass 5/5; LossTopo tests pass 5/5','2021-08-11 04:04:14'),(94,16,1,NULL,100,'Run result: GeneralTopo tests pass 5/5; LossTopo tests pass 5/5','2021-08-11 04:06:09'),(95,16,1,NULL,100,'Run result: GeneralTopo tests pass 5/5; LossTopo tests pass 5/5','2021-08-11 04:18:51'),(96,16,1,NULL,100,'Run result: GeneralTopo tests pass 5/5; LossTopo tests pass 5/5','2021-08-11 04:20:01'),(97,16,1,NULL,200,'No makefile','2021-08-11 04:20:17'),(98,16,1,NULL,200,'Compile fails','2021-08-11 04:20:33'),(99,16,1,NULL,200,'Compile fails','2021-08-11 04:22:25'),(100,16,1,NULL,100,'Run result: GeneralTopo tests pass 5/5; LossTopo tests pass 5/5','2021-08-11 04:22:38'),(101,15,1,NULL,100,'Run result: GeneralTopo tests pass 5/5; LossTopo tests pass 5/5','2021-08-12 02:23:46'),(102,15,1,NULL,100,'Run result: GeneralTopo tests pass 5/5; LossTopo tests pass 5/5','2021-08-12 02:31:11'),(103,15,1,NULL,200,'Compile fails','2021-08-12 02:31:44'),(104,15,1,NULL,200,'No makefile','2021-08-12 02:32:09'),(105,15,1,NULL,100,'Run result: GeneralTopo tests pass 5/5; LossTopo tests pass 5/5','2021-08-12 02:35:50'),(106,15,1,NULL,100,'Run result: GeneralTopo tests pass 5/5; LossTopo tests pass 5/5','2021-08-12 02:41:04'),(107,15,1,NULL,200,'Compile fails','2021-08-12 02:41:25'),(108,15,1,NULL,200,'No makefile','2021-08-12 02:41:45'),(109,15,1,NULL,100,'Run result: GeneralTopo tests pass 5/5; LossTopo tests pass 5/5','2021-08-12 02:44:05'),(110,15,1,NULL,200,'Compile fails','2021-08-12 02:44:30'),(111,15,1,NULL,200,'No makefile','2021-08-12 02:44:54'),(112,15,1,NULL,200,'Compile fails','2021-08-12 12:09:43'),(113,16,8,NULL,100,'Run result: GeneralTopo tests pass 5/5; LossTopo tests pass 5/5','2021-08-13 05:45:28'),(114,16,8,NULL,200,'Compile fails','2021-08-13 05:45:28'),(115,16,9,NULL,200,'Compile fails','2021-08-13 05:45:28'),(116,16,9,NULL,100,'Run result: GeneralTopo tests pass 5/5; LossTopo tests pass 5/5','2021-08-13 05:45:28'),(117,16,1,NULL,100,'常规拓扑通过：5/5; 丢包拓扑通过：5/5','2021-08-13 09:16:58'),(118,16,2,NULL,200,'编译失败','2021-08-13 09:17:57'),(119,16,8,NULL,200,'没有检测到Makefile','2021-08-13 09:18:19'),(120,16,9,NULL,100,'常规拓扑通过：5/5; 丢包拓扑通过：5/5','2021-08-13 09:18:41'),(121,16,9,NULL,200,'没有检测到Makefile','2021-08-13 09:27:08'),(122,16,9,NULL,200,'编译失败','2021-08-13 09:29:24'),(123,16,1,NULL,100,'常规拓扑通过：5/5; 丢包拓扑通过：5/5','2021-08-13 00:45:10'),(124,16,1,NULL,200,'编译失败','2021-08-13 00:45:32'),(125,16,1,NULL,200,'编译失败','2021-08-14 22:33:30'),(126,15,1,NULL,900,NULL,'2021-08-15 22:01:28'),(127,15,1,NULL,900,NULL,'2021-08-15 22:02:37'),(128,15,1,NULL,901,'文件运行时报错，请尝试重新上传文件或联系管理员','2021-08-15 22:03:16'),(129,15,1,'5,5,5,5',100,'常规拓扑通过：5/5; 丢包拓扑通过：5/5','2021-08-15 22:06:12'),(130,15,1,'5,5,5,5',100,'常规拓扑通过：5/5; 丢包拓扑通过：5/5','2021-08-15 22:07:27'),(131,15,1,'5,5,5,5',100,'常规拓扑通过：5/5; 丢包拓扑通过：5/5','2021-08-17 01:02:05'),(132,15,1,NULL,200,'编译失败','2021-08-17 01:03:21'),(133,16,1,'5,5,5,5',100,'常规拓扑通过：5/5; 丢包拓扑通过：5/5','2021-08-17 12:17:50'),(134,18,1,'5,5,5,5',100,'常规拓扑通过：5/5; 丢包拓扑通过：5/5','2021-08-17 12:33:27'),(135,20,8,'5,5,5,5',100,'常规拓扑通过：5/5; 丢包拓扑通过：5/5','2021-08-18 17:32:49'),(136,20,8,NULL,200,'编译失败','2021-08-18 17:32:59'),(137,20,8,NULL,200,'没有检测到Makefile','2021-08-18 17:33:06'),(138,20,8,NULL,200,'编译失败','2021-08-18 18:03:27'),(139,21,8,NULL,900,NULL,'2021-08-18 19:07:22'),(140,21,8,NULL,900,NULL,'2021-08-18 19:08:34'),(141,21,8,NULL,900,NULL,'2021-08-18 19:17:22'),(142,20,8,NULL,900,NULL,'2021-08-18 19:21:11'),(143,20,8,NULL,900,NULL,'2021-08-18 19:22:04'),(144,16,9,NULL,200,'编译失败','2021-08-18 19:32:37'),(145,20,8,NULL,200,'编译失败','2021-08-19 15:40:16'),(146,16,8,'5,5,5,5',100,'常规拓扑通过：5/5; 丢包拓扑通过：5/5','2021-08-19 17:33:30'),(147,16,8,'5,5,5,5',100,'常规拓扑通过：5/5; 丢包拓扑通过：5/5','2021-08-19 17:38:53'),(148,20,8,NULL,901,'文件运行时报错，请尝试重新上传文件或联系管理员','2021-08-20 13:01:44'),(149,20,8,NULL,901,'文件运行时报错，请尝试重新上传文件或联系管理员','2021-08-20 15:30:10'),(150,20,8,'5,5,5,5',100,'常规拓扑通过：5/5; 丢包拓扑通过：5/5','2021-08-20 16:40:30'),(151,20,8,NULL,200,'没有检测到Makefile','2021-08-20 16:40:49'),(152,21,9,NULL,200,'编译失败','2021-08-20 17:02:31'),(153,21,9,NULL,200,'编译失败','2021-08-20 17:03:18'),(154,21,9,'5,5,5,5',100,'常规拓扑通过：5/5; 丢包拓扑通过：5/5','2021-08-20 17:06:33'),(155,21,9,'0,5,0,5',300,'常规拓扑通过：0/5; 丢包拓扑通过：0/5','2021-08-20 17:11:39'),(156,21,9,'0,5,0,5',300,'常规拓扑通过：0/5; 丢包拓扑通过：0/5','2021-08-20 17:13:44'),(157,21,9,'0,5,0,5',300,'常规拓扑通过：0/5; 丢包拓扑通过：0/5','2021-08-20 17:15:40'),(158,21,9,NULL,900,'正在判题......','2021-08-20 17:15:53'),(159,21,9,NULL,900,'正在判题......','2021-08-20 17:25:09'),(160,21,9,NULL,900,'正在判题......','2021-08-20 17:27:03'),(161,21,9,NULL,200,'没有检测到Makefile','2021-08-20 17:27:53'),(162,21,9,'5,5,5,5',100,'常规拓扑通过：5/5; 丢包拓扑通过：5/5','2021-08-20 18:45:14'),(163,21,9,'5,5,5,5',100,'常规拓扑通过：5/5; 丢包拓扑通过：5/5','2021-08-20 18:47:22'),(164,21,9,'5,5,5,5',100,'常规拓扑通过：5/5; 丢包拓扑通过：5/5','2021-08-20 18:48:52'),(165,21,9,'5,5,5,5',100,'常规拓扑通过：5/5; 丢包拓扑通过：5/5','2021-08-20 19:03:28'),(166,21,9,'5,5,5,5',100,'常规拓扑通过：5/5; 丢包拓扑通过：5/5','2021-08-20 19:05:41'),(167,21,9,'5,5,5,5',100,'常规拓扑通过：5/5; 丢包拓扑通过：5/5','2021-08-20 19:15:59'),(168,20,9,NULL,200,'编译失败','2021-08-22 13:47:15'),(169,20,9,NULL,200,'没有检测到Makefile','2021-08-22 13:51:54'),(170,21,9,'5,5,5,5',100,'常规拓扑通过：5/5; 丢包拓扑通过：5/5','2021-08-22 14:04:03'),(171,21,9,NULL,200,'编译失败','2021-08-22 14:04:19'),(172,21,9,NULL,200,'没有检测到Makefile','2021-08-22 14:04:37'),(173,21,8,NULL,200,'编译失败','2021-08-23 19:26:29');
/*!40000 ALTER TABLE `FileUploadRecord` ENABLE KEYS */;
UNLOCK TABLES;

--
-- Table structure for table `JudgeClient`
--

DROP TABLE IF EXISTS `JudgeClient`;
/*!40101 SET @saved_cs_client     = @@character_set_client */;
/*!40101 SET character_set_client = utf8 */;
CREATE TABLE `JudgeClient` (
  `name` varchar(50) NOT NULL,
  `password` char(32) NOT NULL,
  `information` varchar(100) DEFAULT NULL COMMENT '判题机自己的信息',
  PRIMARY KEY (`name`)
) ENGINE=InnoDB DEFAULT CHARSET=utf8 COMMENT='判题机账号';
/*!40101 SET character_set_client = @saved_cs_client */;

--
-- Dumping data for table `JudgeClient`
--

LOCK TABLES `JudgeClient` WRITE;
/*!40000 ALTER TABLE `JudgeClient` DISABLE KEYS */;
INSERT INTO `JudgeClient` VALUES ('local1','4e4d6c332b6fe62a63afe56171fd3725','本地判题机1');
/*!40000 ALTER TABLE `JudgeClient` ENABLE KEYS */;
UNLOCK TABLES;

--
-- Table structure for table `JudgeQueue`
--

DROP TABLE IF EXISTS `JudgeQueue`;
/*!40101 SET @saved_cs_client     = @@character_set_client */;
/*!40101 SET character_set_client = utf8 */;
CREATE TABLE `JudgeQueue` (
  `solutionId` int(11) NOT NULL,
  `isContest` tinyint(1) NOT NULL
) ENGINE=InnoDB DEFAULT CHARSET=utf8 COMMENT='判题队列，发送出去之后及删除';
/*!40101 SET character_set_client = @saved_cs_client */;

--
-- Dumping data for table `JudgeQueue`
--

LOCK TABLES `JudgeQueue` WRITE;
/*!40000 ALTER TABLE `JudgeQueue` DISABLE KEYS */;
/*!40000 ALTER TABLE `JudgeQueue` ENABLE KEYS */;
UNLOCK TABLES;

--
-- Table structure for table `LoginLog`
--

DROP TABLE IF EXISTS `LoginLog`;
/*!40101 SET @saved_cs_client     = @@character_set_client */;
/*!40101 SET character_set_client = utf8 */;
CREATE TABLE `LoginLog` (
  `num` int(11) NOT NULL AUTO_INCREMENT,
  `userId` int(11) DEFAULT NULL,
  `contestId` int(11) DEFAULT NULL,
  `ip` varchar(50) DEFAULT NULL,
  PRIMARY KEY (`num`)
) ENGINE=InnoDB AUTO_INCREMENT=466 DEFAULT CHARSET=utf8;
/*!40101 SET character_set_client = @saved_cs_client */;

--
-- Dumping data for table `LoginLog`
--

LOCK TABLES `LoginLog` WRITE;
/*!40000 ALTER TABLE `LoginLog` DISABLE KEYS */;
INSERT INTO `LoginLog` VALUES (1,154,2,'159.226.91.156'),(2,156,3,'159.226.91.156'),(3,158,3,'159.226.91.156'),(4,158,3,'159.226.91.156'),(5,157,3,'159.226.91.156'),(6,156,3,'159.226.91.156'),(7,158,1,'159.226.91.156'),(8,156,1,'159.226.91.156'),(9,156,1,'159.226.91.156'),(10,140,1,'159.226.91.156'),(11,157,3,'159.226.91.156'),(12,158,3,'159.226.91.156'),(13,158,1,'159.226.91.156'),(14,158,1,'159.226.91.156'),(15,158,1,'159.226.91.156'),(16,158,1,'159.226.91.156'),(17,156,3,'159.226.91.156'),(18,157,3,'159.226.91.156'),(19,156,1,'159.226.91.156'),(20,156,3,'159.226.91.156'),(21,156,3,'159.226.91.156'),(22,158,4,'159.226.91.156'),(23,156,4,'159.226.91.156'),(24,156,3,'159.226.91.156'),(25,158,4,'159.226.91.156'),(26,157,4,'159.226.91.156'),(27,156,4,'159.226.91.156'),(28,156,3,'159.226.91.156'),(29,156,4,'159.226.91.156'),(30,65,4,'159.226.91.156'),(31,47,4,'159.226.91.156'),(32,20,4,'159.226.91.156'),(33,130,4,'159.226.91.156'),(34,156,4,'159.226.91.156'),(35,88,4,'159.226.91.156'),(36,25,4,'159.226.91.156'),(37,156,3,'159.226.91.156'),(38,33,4,'159.226.91.156'),(39,98,4,'159.226.91.156'),(40,91,4,'159.226.91.156'),(41,156,3,'159.226.91.156'),(42,91,4,'159.226.91.156'),(43,59,4,'159.226.91.156'),(44,14,4,'159.226.91.156'),(45,123,4,'159.226.91.156'),(46,47,1,'159.226.91.156'),(47,118,4,'159.226.91.156'),(48,47,4,'159.226.91.156'),(49,95,2,'159.226.91.156'),(50,77,4,'159.226.91.156'),(51,71,4,'159.226.91.156'),(52,123,4,'159.226.91.156'),(53,145,4,'159.226.91.156'),(54,66,4,'159.226.91.156'),(55,91,4,'159.226.91.156'),(56,107,4,'159.226.91.156'),(57,137,2,'159.226.91.156'),(58,95,4,'159.226.91.156'),(59,59,2,'159.226.91.156'),(60,102,4,'159.226.91.156'),(61,104,4,'159.226.91.156'),(62,21,4,'159.226.91.156'),(63,25,4,'159.226.91.156'),(64,59,1,'159.226.91.156'),(65,8,4,'159.226.91.156'),(66,143,4,'159.226.91.156'),(67,142,4,'159.226.91.156'),(68,153,4,'159.226.91.156'),(69,63,4,'159.226.91.156'),(70,156,4,'159.226.91.156'),(71,109,4,'159.226.91.156'),(72,99,4,'159.226.91.156'),(73,34,4,'159.226.91.156'),(74,59,2,'159.226.91.156'),(75,26,4,'159.226.91.156'),(76,157,4,'159.226.91.156'),(77,25,1,'159.226.91.156'),(78,139,2,'159.226.91.156'),(79,88,2,'159.226.91.156'),(80,137,4,'159.226.91.156'),(81,112,4,'159.226.91.156'),(82,77,2,'159.226.91.156'),(83,59,4,'159.226.91.156'),(84,88,1,'159.226.91.156'),(85,77,1,'159.226.91.156'),(86,25,4,'159.226.91.156'),(87,77,4,'159.226.91.156'),(88,35,4,'159.226.91.156'),(89,66,4,'159.226.91.156'),(90,31,4,'159.226.91.156'),(91,98,4,'159.226.91.156'),(92,157,4,'159.226.91.156'),(93,37,4,'159.226.91.156'),(94,102,4,'159.226.91.156'),(95,59,2,'159.226.91.156'),(96,71,4,'159.226.91.156'),(97,30,4,'159.226.91.156'),(98,90,4,'159.226.91.156'),(99,115,4,'159.226.91.156'),(100,102,2,'159.226.91.156'),(101,47,4,'159.226.91.156'),(102,76,4,'159.226.91.156'),(103,92,4,'159.226.91.156'),(104,123,2,'159.226.91.156'),(105,27,4,'159.226.91.156'),(106,89,4,'159.226.91.156'),(107,36,2,'159.226.91.156'),(108,1,2,'159.226.91.156'),(109,102,4,'159.226.91.156'),(110,50,4,'159.226.91.156'),(111,132,4,'159.226.91.156'),(112,14,2,'159.226.91.156'),(113,71,4,'159.226.91.156'),(114,36,4,'159.226.91.156'),(115,119,4,'159.226.91.156'),(116,57,4,'159.226.91.156'),(117,120,4,'159.226.91.156'),(118,1,4,'159.226.91.156'),(119,151,4,'159.226.91.156'),(120,145,2,'159.226.91.156'),(121,142,1,'159.226.91.156'),(122,93,4,'159.226.91.156'),(123,51,4,'159.226.91.156'),(124,6,4,'159.226.91.156'),(125,29,4,'159.226.91.156'),(126,46,4,'159.226.91.156'),(127,14,4,'159.226.91.156'),(128,107,2,'159.226.91.156'),(129,116,4,'159.226.91.156'),(130,133,4,'159.226.91.156'),(131,33,4,'159.226.91.156'),(132,127,4,'159.226.91.156'),(133,40,4,'159.226.91.156'),(134,17,4,'159.226.91.156'),(135,139,4,'159.226.91.156'),(136,70,4,'159.226.91.156'),(137,23,4,'159.226.91.156'),(138,145,4,'159.226.91.156'),(139,45,2,'159.226.91.156'),(140,26,2,'159.226.91.156'),(141,142,2,'159.226.91.156'),(142,102,2,'159.226.91.156'),(143,65,2,'159.226.91.156'),(144,91,2,'159.226.91.156'),(145,77,2,'159.226.91.156'),(146,34,2,'159.226.91.156'),(147,35,2,'159.226.91.156'),(148,31,2,'159.226.91.156'),(149,145,2,'159.226.91.156'),(150,27,4,'159.226.91.156'),(151,92,2,'159.226.91.156'),(152,82,4,'159.226.91.156'),(153,148,4,'159.226.91.156'),(154,118,2,'159.226.91.156'),(155,130,2,'159.226.91.156'),(156,47,2,'159.226.91.156'),(157,33,2,'159.226.91.156'),(158,151,2,'159.226.91.156'),(159,143,2,'159.226.91.156'),(160,96,4,'159.226.91.156'),(161,27,2,'159.226.91.156'),(162,55,4,'159.226.91.156'),(163,107,2,'159.226.91.156'),(164,36,2,'159.226.91.156'),(165,57,2,'159.226.91.156'),(166,137,2,'159.226.91.156'),(167,115,2,'159.226.91.156'),(168,14,2,'159.226.91.156'),(169,133,2,'159.226.91.156'),(170,15,2,'159.226.91.156'),(171,52,4,'159.226.91.156'),(172,71,2,'159.226.91.156'),(173,104,2,'159.226.91.156'),(174,64,4,'159.226.91.156'),(175,139,2,'159.226.91.156'),(176,40,4,'159.226.91.156'),(177,127,2,'159.226.91.156'),(178,66,2,'159.226.91.156'),(179,17,2,'159.226.91.156'),(180,83,4,'159.226.91.156'),(181,93,4,'159.226.91.156'),(182,36,4,'159.226.91.156'),(183,93,4,'159.226.91.156'),(184,93,2,'159.226.91.156'),(185,70,2,'159.226.91.156'),(186,153,4,'159.226.91.156'),(187,25,2,'159.226.91.156'),(188,106,4,'159.226.91.156'),(189,104,1,'159.226.91.156'),(190,127,4,'159.226.91.156'),(191,1,2,'159.226.91.156'),(192,136,2,'159.226.91.156'),(193,93,1,'159.226.91.156'),(194,70,2,'159.226.91.156'),(195,63,2,'159.226.91.156'),(196,104,2,'159.226.91.156'),(197,14,2,'159.226.91.156'),(198,136,4,'159.226.91.156'),(199,9,4,'159.226.91.156'),(200,90,2,'159.226.91.156'),(201,18,4,'159.226.91.156'),(202,25,2,'159.226.91.156'),(203,130,4,'159.226.91.156'),(204,18,2,'159.226.91.156'),(205,75,4,'159.226.91.156'),(206,110,4,'159.226.91.156'),(207,132,2,'159.226.91.156'),(208,19,4,'159.226.91.156'),(209,93,2,'159.226.91.156'),(210,13,4,'159.226.91.156'),(211,36,2,'159.226.91.156'),(212,18,4,'159.226.91.156'),(213,129,2,'159.226.91.156'),(214,90,4,'159.226.91.156'),(215,45,4,'159.226.91.156'),(216,113,4,'159.226.91.156'),(217,94,4,'159.226.91.156'),(218,90,2,'159.226.91.156'),(219,60,2,'159.226.91.156'),(220,92,1,'159.226.91.156'),(221,19,4,'159.226.91.156'),(222,128,4,'159.226.91.156'),(223,92,2,'159.226.91.156'),(224,93,4,'159.226.91.156'),(225,101,4,'159.226.91.156'),(226,52,4,'159.226.91.156'),(227,75,2,'159.226.91.156'),(228,112,2,'159.226.91.156'),(229,60,4,'159.226.91.156'),(230,89,4,'159.226.91.156'),(231,40,2,'159.226.91.156'),(232,130,2,'159.226.91.156'),(233,112,4,'159.226.91.156'),(234,44,4,'159.226.91.156'),(235,127,2,'159.226.91.156'),(236,125,4,'159.226.91.156'),(237,127,4,'159.226.91.156'),(238,131,4,'159.226.91.156'),(239,68,4,'159.226.91.156'),(240,83,2,'159.226.91.156'),(241,136,2,'159.226.91.156'),(242,93,4,'159.226.91.156'),(243,106,2,'159.226.91.156'),(244,99,2,'159.226.91.156'),(245,18,2,'159.226.91.156'),(246,96,2,'159.226.91.156'),(247,75,4,'159.226.91.156'),(248,23,2,'159.226.91.156'),(249,121,4,'159.226.91.156'),(250,114,4,'159.226.91.156'),(251,15,4,'159.226.91.156'),(252,154,2,'159.226.91.156'),(253,112,2,'159.226.91.156'),(254,17,4,'159.226.91.156'),(255,75,2,'159.226.91.156'),(256,113,2,'159.226.91.156'),(257,132,4,'159.226.91.156'),(258,104,4,'159.226.91.156'),(259,54,4,'159.226.91.156'),(260,113,4,'159.226.91.156'),(261,22,4,'159.226.91.156'),(262,98,4,'159.226.91.156'),(263,135,4,'159.226.91.156'),(264,5,4,'159.226.91.156'),(265,112,4,'159.226.91.156'),(266,50,2,'159.226.91.156'),(267,101,2,'159.226.91.156'),(268,103,4,'159.226.91.156'),(269,112,2,'159.226.91.156'),(270,146,4,'159.226.91.156'),(271,114,2,'159.226.91.156'),(272,86,4,'159.226.91.156'),(273,146,2,'159.226.91.156'),(274,76,2,'159.226.91.156'),(275,114,4,'159.226.91.156'),(276,15,2,'159.226.91.156'),(277,114,2,'159.226.91.156'),(278,139,4,'159.226.91.156'),(279,157,4,'159.226.91.156'),(280,98,4,'159.226.91.156'),(281,146,4,'159.226.91.156'),(282,98,1,'159.226.91.156'),(283,70,4,'159.226.91.156'),(284,120,2,'159.226.91.156'),(285,94,4,'159.226.91.156'),(286,126,4,'159.226.91.156'),(287,131,2,'159.226.91.156'),(288,94,2,'159.226.91.156'),(289,19,2,'159.226.91.156'),(290,21,1,'159.226.91.156'),(291,60,2,'159.226.91.156'),(292,20,2,'159.226.91.156'),(293,44,4,'159.226.91.156'),(294,104,2,'159.226.91.156'),(295,30,4,'159.226.91.156'),(296,87,4,'159.226.91.156'),(297,98,4,'159.226.91.156'),(298,146,2,'159.226.91.156'),(299,153,2,'159.226.91.156'),(300,13,4,'159.226.91.156'),(301,52,1,'159.226.91.156'),(302,5,1,'159.226.91.156'),(303,52,4,'159.226.91.156'),(304,98,2,'159.226.91.156'),(305,119,1,'159.226.91.156'),(306,5,2,'159.226.91.156'),(307,30,4,'159.226.91.156'),(308,29,1,'159.226.91.156'),(309,44,2,'159.226.91.156'),(310,54,2,'159.226.91.156'),(311,71,2,'159.226.91.156'),(312,82,2,'159.226.91.156'),(313,22,1,'159.226.91.156'),(314,22,2,'159.226.91.156'),(315,29,4,'159.226.91.156'),(316,41,2,'159.226.91.156'),(317,52,1,'159.226.91.156'),(318,52,4,'159.226.91.156'),(319,36,2,'159.226.91.156'),(320,6,4,'159.226.91.156'),(321,103,2,'159.226.91.156'),(322,50,2,'159.226.91.156'),(323,29,4,'159.226.91.156'),(324,60,4,'159.226.91.156'),(325,82,2,'159.226.91.156'),(326,63,2,'159.226.91.156'),(327,87,2,'159.226.91.156'),(328,73,4,'159.226.91.156'),(329,29,2,'159.226.91.156'),(330,93,2,'159.226.91.156'),(331,28,4,'159.226.91.156'),(332,115,2,'159.226.91.156'),(333,152,4,'159.226.91.156'),(334,21,4,'159.226.91.156'),(335,100,4,'159.226.91.156'),(336,112,4,'159.226.91.156'),(337,132,2,'159.226.91.156'),(338,37,1,'159.226.91.156'),(339,45,2,'159.226.91.156'),(340,28,4,'159.226.91.156'),(341,17,2,'159.226.91.156'),(342,150,4,'159.226.91.156'),(343,64,4,'159.226.91.156'),(344,85,4,'159.226.91.156'),(345,37,2,'159.226.91.156'),(346,156,4,'159.226.91.156'),(347,13,2,'159.226.91.156'),(348,37,2,'159.226.91.156'),(349,45,4,'159.226.91.156'),(350,141,4,'159.226.91.156'),(351,37,2,'159.226.91.156'),(352,112,2,'159.226.91.156'),(353,63,4,'159.226.91.156'),(354,94,4,'159.226.91.156'),(355,62,4,'159.226.91.156'),(356,51,4,'159.226.91.156'),(357,94,2,'159.226.91.156'),(358,156,1,'159.226.91.156'),(359,150,1,'159.226.91.156'),(360,156,4,'159.226.91.156'),(361,150,2,'159.226.91.156'),(362,69,4,'159.226.91.156'),(363,32,2,'159.226.91.156'),(364,85,2,'159.226.91.156'),(365,45,2,'159.226.91.156'),(366,122,4,'159.226.91.156'),(367,20,4,'159.226.91.156'),(368,73,4,'159.226.91.156'),(369,9,2,'159.226.91.156'),(370,147,4,'159.226.91.156'),(371,116,2,'159.226.91.156'),(372,64,2,'159.226.91.156'),(373,73,4,'159.226.91.156'),(374,70,2,'159.226.91.156'),(375,116,4,'159.226.91.156'),(376,38,4,'159.226.91.156'),(377,81,2,'159.226.91.156'),(378,96,4,'159.226.91.156'),(379,126,2,'159.226.91.156'),(380,95,1,'159.226.91.156'),(381,95,4,'159.226.91.156'),(382,96,2,'159.226.91.156'),(383,20,2,'159.226.91.156'),(384,63,2,'159.226.91.156'),(385,125,2,'159.226.91.156'),(386,69,1,'159.226.91.156'),(387,69,4,'159.226.91.156'),(388,69,2,'159.226.91.156'),(389,122,1,'159.226.91.156'),(390,154,2,'159.226.91.156'),(391,89,1,'159.226.91.156'),(392,89,2,'159.226.91.156'),(393,125,2,'159.226.91.156'),(394,11,4,'159.226.91.156'),(395,147,2,'159.226.91.156'),(396,106,2,'159.226.91.156'),(397,84,4,'159.226.91.156'),(398,62,2,'159.226.91.156'),(399,137,4,'159.226.91.156'),(400,112,2,'159.226.91.156'),(401,91,4,'159.226.91.156'),(402,136,4,'159.226.91.156'),(403,21,1,'159.226.91.156'),(404,93,2,'159.226.91.156'),(405,91,2,'159.226.91.156'),(406,136,2,'159.226.91.156'),(407,84,1,'159.226.91.156'),(408,21,1,'159.226.91.156'),(409,6,2,'159.226.91.156'),(410,84,4,'159.226.91.156'),(411,29,4,'159.226.91.156'),(412,137,2,'159.226.91.156'),(413,29,2,'159.226.91.156'),(414,62,2,'159.226.91.156'),(415,156,1,'159.226.91.156'),(416,66,2,'159.226.91.156'),(417,21,1,'159.226.91.156'),(418,66,2,'159.226.91.156'),(419,12,4,'159.226.91.156'),(420,131,4,'159.226.91.156'),(421,149,4,'159.226.91.156'),(422,131,2,'159.226.91.156'),(423,21,4,'159.226.91.156'),(424,21,2,'159.226.91.156'),(425,83,4,'159.226.91.156'),(426,12,1,'159.226.91.156'),(427,62,1,'159.226.91.156'),(428,40,4,'159.226.91.156'),(429,40,2,'159.226.91.156'),(430,62,4,'159.226.91.156'),(431,117,4,'159.226.91.156'),(432,49,4,'159.226.91.156'),(433,41,4,'159.226.91.156'),(434,67,4,'159.226.91.156'),(435,13,2,'159.226.91.156'),(436,36,4,'159.226.91.156'),(437,81,4,'159.226.91.156'),(438,61,4,'159.226.91.156'),(439,151,2,'159.226.91.156'),(440,117,4,'159.226.91.156'),(441,130,4,'159.226.91.156'),(442,66,2,'159.226.91.156'),(443,93,4,'159.226.91.156'),(444,117,2,'159.226.91.156'),(445,41,2,'159.226.91.156'),(446,96,2,'159.226.91.156'),(447,93,2,'159.226.91.156'),(448,25,4,'159.226.91.156'),(449,32,4,'159.226.91.156'),(450,102,2,'159.226.91.156'),(451,158,3,'159.226.91.156'),(452,154,2,'159.226.91.156'),(453,4,4,'159.226.91.156'),(454,102,2,'159.226.91.156'),(455,4,2,'159.226.91.156'),(456,40,2,'159.226.91.156'),(457,135,1,'159.226.91.156'),(458,135,2,'159.226.91.156'),(459,127,2,'159.226.91.156'),(460,156,4,'159.226.91.156'),(461,79,4,'159.226.91.156'),(462,79,2,'159.226.91.156'),(463,76,2,'159.226.91.156'),(464,79,1,'159.226.91.156'),(465,79,2,'159.226.91.156');
/*!40000 ALTER TABLE `LoginLog` ENABLE KEYS */;
UNLOCK TABLES;

--
-- Table structure for table `Privilege`
--

DROP TABLE IF EXISTS `Privilege`;
/*!40101 SET @saved_cs_client     = @@character_set_client */;
/*!40101 SET character_set_client = utf8 */;
CREATE TABLE `Privilege` (
  `privilegeId` int(11) NOT NULL AUTO_INCREMENT,
  `name` varchar(50) NOT NULL COMMENT '权限名称',
  PRIMARY KEY (`privilegeId`)
) ENGINE=InnoDB AUTO_INCREMENT=6 DEFAULT CHARSET=utf8 COMMENT='权限表';
/*!40101 SET character_set_client = @saved_cs_client */;

--
-- Dumping data for table `Privilege`
--

LOCK TABLES `Privilege` WRITE;
/*!40000 ALTER TABLE `Privilege` DISABLE KEYS */;
INSERT INTO `Privilege` VALUES (1,'control problem'),(2,'control contest'),(3,'control user'),(4,'others'),(5,'is admin');
/*!40000 ALTER TABLE `Privilege` ENABLE KEYS */;
UNLOCK TABLES;

--
-- Table structure for table `Problem`
--

DROP TABLE IF EXISTS `Problem`;
/*!40101 SET @saved_cs_client     = @@character_set_client */;
/*!40101 SET character_set_client = utf8 */;
CREATE TABLE `Problem` (
  `problemId` int(11) NOT NULL AUTO_INCREMENT,
  `title` varchar(50) NOT NULL,
  `source` varchar(200) DEFAULT NULL,
  `author` varchar(100) DEFAULT NULL,
  `docType` varchar(20) NOT NULL,
  `timeLimit` int(11) NOT NULL COMMENT '单位：s',
  `timeLimitSpc` int(11) NOT NULL DEFAULT '0',
  `memoryLimit` int(11) NOT NULL COMMENT '单位：M',
  `dataVersion` int(11) NOT NULL DEFAULT '0' COMMENT '题目对应的数据版本，更新一次数据，版本加一',
  `submits` int(11) NOT NULL DEFAULT '0' COMMENT '总提交数',
  `accepts` int(11) NOT NULL DEFAULT '0' COMMENT '通过数',
  `isSpj` tinyint(1) NOT NULL DEFAULT '0',
  `addTime` timestamp NOT NULL DEFAULT CURRENT_TIMESTAMP,
  `judgeFiles` int(11) NOT NULL,
  `isShow` tinyint(1) NOT NULL DEFAULT '1',
  `score` double DEFAULT NULL,
  PRIMARY KEY (`problemId`)
) ENGINE=InnoDB AUTO_INCREMENT=54 DEFAULT CHARSET=utf8;
/*!40101 SET character_set_client = @saved_cs_client */;

--
-- Dumping data for table `Problem`
--

LOCK TABLES `Problem` WRITE;
/*!40000 ALTER TABLE `Problem` DISABLE KEYS */;
INSERT INTO `Problem` VALUES (1,'a+b','cnic','cnic','md',1,1,64,5,7,4,0,'2020-07-09 12:19:02',10,0,NULL),(2,'1221','CNIC','CNIC','pdf',1,1,64,2,0,0,0,'2020-07-12 07:28:16',5,0,10),(3,'1222','CNIC','CNIC','pdf',1,1,64,2,0,0,0,'2020-07-12 07:29:58',23,0,10),(4,'1239','CNIC','CNIC','pdf',1,1,64,2,0,0,0,'2020-07-12 07:30:35',10,0,10),(5,'1240','CNIC','CNIC','pdf',1,1,64,2,0,0,0,'2020-07-12 07:31:04',14,0,20),(6,'1242','CNIC','CNIC','pdf',1,1,64,2,0,0,0,'2020-07-12 07:31:29',26,0,20),(7,'1244','CNIC','CNIC','pdf',1,1,64,2,0,0,0,'2020-07-12 07:31:54',37,0,30),(8,'Problem A+B','CNIC','CNIC','md',1,1,64,1,0,0,0,'2020-07-12 11:35:47',10,0,NULL),(9,'数据传输（10）','CNIC','ZCY','pdf',2,1,256,1,0,0,0,'2020-07-13 09:57:37',10,0,10),(10,'暑假的雨（10）','CNIC','ZCY','pdf',1,1,256,1,0,0,0,'2020-07-13 09:58:14',10,0,10),(11,'打字员（10）','CNIC','ZCY','pdf',1,1,256,1,0,0,0,'2020-07-13 09:58:42',10,0,10),(12,'四边形（30）','CNIC','ZCY','pdf',1,1,256,1,0,0,0,'2020-07-13 09:59:09',10,0,30),(13,'合并箱子（20）','CNIC','ZCY','pdf',1,1,256,1,0,0,0,'2020-07-13 09:59:29',10,0,20),(14,'最小和 （10）','yjsjs','yjsjs','pdf',2,1,256,1,0,0,0,'2020-07-13 10:01:59',10,0,10),(15,'间隔天数（10）','yjsjs','yjsjs','pdf',1,1,256,1,0,0,0,'2020-07-13 10:16:53',10,0,10),(16,'等差等比数列（10）','yjsjs','yjsjs','pdf',1,1,256,1,0,0,0,'2020-07-13 10:18:08',10,0,10),(17,'小明钓鱼（20）','yjsjs','yjsjs','pdf',1,1,256,1,0,0,0,'2020-07-13 10:19:05',10,0,20),(18,'最多学分（10）','yjsjs','yjsjs','pdf',1,1,256,1,0,0,0,'2020-07-13 10:20:35',10,0,10),(19,'解除封锁（30）','yjsjs','yjsjs','pdf',1,1,256,1,0,0,0,'2020-07-13 10:21:21',10,0,30),(20,'Set（10）','CNIC','ZPH','pdf',1,1,256,3,0,0,0,'2020-07-13 11:51:32',10,0,10),(21,'最大的a&b（10）','CNIC','ZPH','pdf',1,1,256,3,0,0,0,'2020-07-13 11:52:16',10,0,10),(22,'最少的能量浪费（10）','CNIC','ZPH','pdf',1,1,256,2,0,0,0,'2020-07-13 11:52:56',10,0,10),(23,'汉诺塔（20）','CNIC','ZPH','pdf',2,1,256,2,0,0,0,'2020-07-13 11:53:47',10,0,20),(24,'最大的匹配数（20）','CNIC','ZPH','pdf',2,1,256,2,0,0,0,'2020-07-13 11:54:22',10,0,20),(25,'画画（30）','CNIC','ZPH','pdf',5,1,256,1,0,0,0,'2020-07-13 11:55:01',10,0,30),(26,'采蜂蜜（20）','CNIC','ZCY','pdf',1,1,256,3,0,0,0,'2020-07-14 00:15:44',10,0,20),(27,'画画','CNIC','zph','pdf',4,4,256,3,0,0,0,'2020-07-14 09:13:06',10,0,NULL),(28,'最大的a&b （新）','CNIC','ZPH','pdf',1,1,256,1,0,0,0,'2020-07-14 09:25:09',10,0,NULL),(29,'打字员新','CNIC','CNIC','pdf',1,4,256,1,0,0,0,'2020-07-14 13:33:45',1,0,NULL),(30,'Arithmetic Progressions','2018 ICPC Asia Regional Contest Yokohama','','md',5,10,512,1,0,0,0,'2020-07-16 07:17:48',20,0,10),(31,'Emergency Evacuation','2018 ICPC Asia Regional Contest Yokohama','','md',3,6,512,1,0,0,0,'2020-07-16 07:25:35',10,0,10),(32,'The Words are Restless','2018 ACM ICPC – NORTHEAST PRELIMINARY REGIONAL QUALIFIER','','md',5,10,512,1,0,0,0,'2020-07-16 07:30:16',1,0,10),(33,'Shortest Common Non-Subsequence','2018 ICPC Asia Regional Contest Yokohama','','md',5,10,512,1,0,0,0,'2020-07-16 07:32:18',10,0,20),(34,'Karma Dice','2018 ACM ICPC – NORTHEAST PRELIMINARY REGIONAL QUALIFIER','','md',8,12,512,1,0,0,0,'2020-07-16 07:34:08',1,0,20),(35,'What Goes Up Must Come Down','2018 ICPC Asia Regional Contest Yokohama','','md',8,12,512,1,0,0,0,'2020-07-16 07:35:57',10,0,30),(36,'最小花费','','CNIC','pdf',1,2,256,1,0,0,0,'2020-07-16 15:46:29',10,0,10),(37,'过马路','','CNIC','pdf',1,2,256,1,0,0,0,'2020-07-16 15:52:38',10,0,10),(38,'和尚分粥','','CNIC','pdf',1,2,256,1,0,0,0,'2020-07-16 15:54:48',10,0,20),(39,'树上连通代价问题','','CNIC','pdf',2,4,256,2,0,0,0,'2020-07-16 15:55:46',10,0,30),(40,'化学试管','','CNIC','pdf',1,2,256,1,0,0,0,'2020-07-16 15:56:17',10,0,20),(41,'123','1','1','html',1,1,1,0,0,0,0,'2020-08-08 11:27:11',1,0,NULL),(42,'A','chen','chen','pdf',1,2,256,1,0,0,0,'2020-08-08 12:21:47',10,0,100),(43,'B','chen','chen','pdf',1,2,256,1,0,0,0,'2020-08-08 12:28:01',10,0,100),(44,'C','chen','chen','pdf',1,2,256,1,0,0,0,'2020-08-08 12:29:25',10,0,100),(45,'D','chen','chen','pdf',1,2,256,3,0,0,0,'2020-08-08 12:30:31',10,0,100),(46,'E','chen','chen','pdf',1,2,256,1,0,0,0,'2020-08-08 12:32:50',10,0,100),(47,'F','chen','chen','pdf',1,2,256,1,0,0,0,'2020-08-08 12:34:12',10,0,100),(48,'修路','','zph','pdf',1,5,256,1,0,0,0,'2020-08-27 14:06:28',10,0,100),(49,'受欢迎的人','','zph','pdf',1,5,256,2,0,0,0,'2020-08-27 14:08:30',10,0,100),(50,'网络布置','','zph','pdf',1,5,256,1,0,0,0,'2020-08-27 14:09:51',10,0,100),(51,'去想去的地方','','zph','pdf',2,5,256,1,0,0,0,'2020-08-27 14:11:14',10,0,100),(52,'占领基地','','zph','pdf',2,5,256,1,0,0,0,'2020-08-27 14:12:24',10,0,100),(53,'地铁','','zph','pdf',4,10,256,2,0,0,0,'2020-08-27 14:13:30',10,0,100);
/*!40000 ALTER TABLE `Problem` ENABLE KEYS */;
UNLOCK TABLES;

--
-- Table structure for table `ProblemWithContest`
--

DROP TABLE IF EXISTS `ProblemWithContest`;
/*!40101 SET @saved_cs_client     = @@character_set_client */;
/*!40101 SET character_set_client = utf8 */;
CREATE TABLE `ProblemWithContest` (
  `problemId` int(11) NOT NULL,
  `contestId` int(11) NOT NULL,
  `title` varchar(50) DEFAULT NULL,
  `timeLimit` int(11) NOT NULL,
  `timeLimitSpc` int(11) NOT NULL,
  `memoryLimit` int(11) NOT NULL,
  PRIMARY KEY (`problemId`,`contestId`),
  KEY `problemId` (`problemId`),
  KEY `contestId` (`contestId`)
) ENGINE=InnoDB DEFAULT CHARSET=utf8 COMMENT='比赛对应题目表';
/*!40101 SET character_set_client = @saved_cs_client */;

--
-- Dumping data for table `ProblemWithContest`
--

LOCK TABLES `ProblemWithContest` WRITE;
/*!40000 ALTER TABLE `ProblemWithContest` DISABLE KEYS */;
INSERT INTO `ProblemWithContest` VALUES (2,2,'1221',1,1,64),(2,3,'Contest Setting',1,1,64),(3,2,'1222',1,1,64),(3,3,'Count The Bits',1,1,64),(4,2,'1239',1,1,64),(4,3,'Paper Cuts',1,1,64),(5,2,'1240',1,1,64),(5,3,'Poker Hand',1,1,64),(5,15,'1240',1,1,64),(6,2,'1242',1,1,64),(6,3,'Greedy Scheduler',1,1,64),(7,2,'1244',1,1,64),(7,3,'Time Limits',1,1,64),(8,1,'Problem A+B',1,1,64),(8,4,'Problem A+B',1,1,64),(9,3,'数据传输',1,1,256),(9,6,'数据传输（10）',1,5,256),(9,7,'数据传输（10）',1,5,256),(9,11,'数据传输（10）',1,1,256),(10,3,'暑假的雨',1,1,256),(10,8,'暑假的雨（10）',1,5,256),(11,3,'打字员',1,1,256),(11,8,'打字员（10）',1,5,256),(12,3,'四边形',1,1,256),(12,5,'四边形（30）',1,5,256),(12,7,'四边形（30）',1,5,256),(12,11,'四边形（30）',1,1,256),(13,3,'合并箱子',1,1,256),(13,5,'合并箱子（20）',1,5,256),(13,8,'合并箱子（20）',1,5,256),(14,3,'最小和',1,1,256),(14,5,'最小和 （10）',1,5,256),(15,3,'间隔天数',1,1,256),(15,5,'间隔天数（10）',1,5,256),(15,7,'间隔天数（10）',1,5,256),(15,11,'间隔天数（10）',1,1,256),(16,3,'等差等比数列',1,1,256),(16,6,'等差等比数列（10）',1,5,256),(17,3,'小明钓鱼',1,1,256),(18,3,'最多学分',1,1,256),(18,7,'最多学分（10）',1,5,256),(18,11,'最多学分（10）',1,1,256),(19,3,'解除封锁',1,1,256),(20,3,'Set',1,1,256),(20,6,'Set（10）',1,5,256),(21,3,'最大的a&b',1,2,256),(21,8,'最大的a&b（10）',1,5,256),(21,10,'最大的a&b（10）',1,5,256),(22,3,'最少的能量浪费',5,1,256),(22,5,'最少的能量浪费（10）',1,5,256),(23,3,'汉诺塔',5,1,256),(23,6,'汉诺塔（20）',2,5,256),(23,7,'汉诺塔（20）',2,5,256),(23,11,'汉诺塔（20）',1,1,256),(24,3,'最大的匹配数',5,1,256),(24,5,'最大的匹配数（20）',1,5,256),(24,7,'最大的匹配数（20）',1,5,256),(24,11,'最大的匹配数（20）',2,1,256),(25,3,'画画',5,1,256),(25,6,'画画（30）',1,8,256),(25,8,'画画（30）',1,8,256),(26,3,'采蜂蜜',1,1,256),(26,6,'采蜂蜜（20）',1,5,256),(26,8,'采蜂蜜（20）',1,5,256),(27,3,'画画',4,4,256),(28,3,'最大的a&b （新）',1,1,256),(29,3,'打字员新',1,4,256),(30,3,'Arithmetic Progressions',5,10,512),(30,9,'Arithmetic Progressions (10)',5,10,512),(31,3,'Emergency Evacuation',3,6,512),(31,9,'Emergency Evacuation (10)',3,6,512),(32,3,'The Words are Restless',5,10,512),(32,9,'The Words are Restless (10)',5,10,512),(33,3,'Shortest Common Non-Subsequence',5,10,512),(33,9,'Shortest Common Non-Subsequence (20)',5,10,512),(34,3,'Karma Dice',8,12,512),(34,9,'Karma Dice (20)',8,12,512),(35,3,'What Goes Up Must Come Down',8,12,512),(35,9,'What Goes Up Must Come Down (30)',8,12,512),(36,3,'最小花费',1,2,256),(36,10,'最小花费 （10）',1,5,256),(37,3,'过马路',1,2,256),(37,10,'过马路 （10）',1,5,256),(38,3,'和尚分粥',1,2,256),(38,10,'和尚分粥 （20）',1,5,256),(39,3,'树上连通代价问题',2,4,256),(39,10,'树上连通代价问题 （30）',2,10,256),(40,3,'化学试管',1,2,256),(40,10,'化学试管 （20）',1,5,256),(42,12,'A',1,2,256),(43,12,'B',1,2,256),(44,12,'C',1,2,256),(45,12,'D',1,2,256),(46,12,'E',1,2,256),(47,12,'F',1,2,256),(48,13,'修路',1,5,256),(48,14,'修路',1,5,256),(49,13,'受欢迎的人',1,5,256),(49,14,'受欢迎的人',1,5,256),(50,13,'网络布置',1,5,256),(50,14,'网络布置',1,5,256),(51,13,'去想去的地方',2,5,256),(51,14,'去想去的地方',2,5,256),(52,13,'占领基地',2,5,256),(52,14,'占领基地',2,5,256),(53,13,'地铁',4,10,256),(53,14,'地铁',4,10,256);
/*!40000 ALTER TABLE `ProblemWithContest` ENABLE KEYS */;
UNLOCK TABLES;

--
-- Table structure for table `Solution`
--

DROP TABLE IF EXISTS `Solution`;
/*!40101 SET @saved_cs_client     = @@character_set_client */;
/*!40101 SET character_set_client = utf8 */;
CREATE TABLE `Solution` (
  `solutionId` bigint(20) NOT NULL AUTO_INCREMENT,
  `submitTime` timestamp NOT NULL DEFAULT CURRENT_TIMESTAMP,
  `judgeTime` timestamp NOT NULL DEFAULT CURRENT_TIMESTAMP,
  `judgeType` smallint(6) NOT NULL COMMENT '判题类型：0/ACM标准 1/OI标准 2/测试',
  `codeLength` int(11) NOT NULL COMMENT '代码长度，单位：B',
  `lang` smallint(6) NOT NULL,
  `problemId` int(11) DEFAULT NULL,
  `userId` int(11) NOT NULL,
  `maxMemory` int(11) DEFAULT NULL COMMENT '单位：M',
  `maxTime` int(11) DEFAULT NULL COMMENT '单位：ms',
  `sumTime` int(11) DEFAULT NULL COMMENT '判题总时间，单位：ms',
  `sumCases` int(11) NOT NULL COMMENT '总case数',
  `passCases` int(11) DEFAULT NULL,
  `detailCases` varchar(200) DEFAULT NULL COMMENT '返回的详细通过情况',
  PRIMARY KEY (`solutionId`),
  KEY `problemId` (`problemId`),
  KEY `userId` (`userId`)
) ENGINE=InnoDB AUTO_INCREMENT=8 DEFAULT CHARSET=utf8 COMMENT='代码提交表';
/*!40101 SET character_set_client = @saved_cs_client */;

--
-- Dumping data for table `Solution`
--

LOCK TABLES `Solution` WRITE;
/*!40000 ALTER TABLE `Solution` DISABLE KEYS */;
INSERT INTO `Solution` VALUES (1,'2020-07-09 12:33:49','2020-07-09 13:23:17',2,122,1,1,1,0,0,0,1,0,'6'),(2,'2020-07-09 12:34:20','2020-07-09 13:23:19',2,122,2,1,1,0,0,0,1,0,'66'),(3,'2020-07-09 13:20:40','2020-07-09 13:23:22',2,6,1,1,2,0,0,0,1,0,'666'),(4,'2020-07-09 13:26:13','2020-07-09 13:26:19',2,123,1,1,1,1724,3,3,1,1,'0'),(5,'2020-07-09 13:28:24','2020-07-09 13:28:26',2,122,2,1,1,1728,2,2,1,1,'0'),(6,'2020-07-09 13:31:42','2020-07-09 13:31:46',2,123,2,1,1,1728,2,2,1,1,'0'),(7,'2020-07-10 06:50:43','2020-07-10 06:50:43',2,122,1,1,1,1612,2,2,1,1,'0');
/*!40000 ALTER TABLE `Solution` ENABLE KEYS */;
UNLOCK TABLES;

--
-- Table structure for table `User`
--

DROP TABLE IF EXISTS `User`;
/*!40101 SET @saved_cs_client     = @@character_set_client */;
/*!40101 SET character_set_client = utf8 */;
CREATE TABLE `User` (
  `userId` int(11) NOT NULL AUTO_INCREMENT,
  `name` varchar(100) NOT NULL,
  `nick` varchar(50) NOT NULL,
  `password` char(32) NOT NULL,
  `submit` int(11) NOT NULL DEFAULT '0',
  `ip` varchar(80) DEFAULT NULL,
  `registerTime` timestamp NOT NULL DEFAULT CURRENT_TIMESTAMP,
  `lastLoginTime` timestamp NOT NULL DEFAULT CURRENT_TIMESTAMP,
  `school` varchar(50) DEFAULT NULL,
  `major` varchar(50) DEFAULT NULL,
  `grade` varchar(20) DEFAULT NULL,
  `contact` varchar(50) DEFAULT NULL,
  `deleted` smallint(6) DEFAULT '0' COMMENT '是否被删除',
  `solved` int(11) DEFAULT '0',
  PRIMARY KEY (`userId`),
  UNIQUE KEY `name` (`name`)
) ENGINE=InnoDB AUTO_INCREMENT=208 DEFAULT CHARSET=utf8;
/*!40101 SET character_set_client = @saved_cs_client */;

--
-- Dumping data for table `User`
--

LOCK TABLES `User` WRITE;
/*!40000 ALTER TABLE `User` DISABLE KEYS */;
INSERT INTO `User` VALUES (1,'sea','sea','202cb962ac59075b964b07152d234b70',6,NULL,'2020-07-09 12:17:10','2021-08-24 03:19:58','HNU','CS','ONE','NICAI',0,1),(2,'wujiahao','wjh','202cb962ac59075b964b07152d234b70',1,NULL,'2020-07-09 13:16:33','2021-08-13 09:17:51','ucas','cs','','',0,0),(3,'lybmath','lyb','7941d097fb5fd1d95afc5c159076a4f7',0,'10.100.6.2','2020-07-12 09:15:07','2020-08-08 16:25:32','cnic','sc','','',0,0),(4,'zph','zph','b1fc9efe470b596b8e232635a6287e48',0,'10.100.6.2','2020-08-08 09:55:53','2020-08-29 05:15:42','ICT','CS',NULL,NULL,0,0),(6,'zcy','zcy','a8fc39ca48e6534d883b648a2d28847d',0,NULL,'2020-08-08 09:57:26','2020-08-08 09:57:26','ICT','CS',NULL,NULL,0,0),(7,'cyx','cyx','c26897f0f00cf1a6f6a537dab6691ac8',0,'10.100.6.2','2020-08-08 09:58:08','2020-08-08 10:30:45','ICT','CS',NULL,NULL,0,0),(8,'lyg','梁阳光','202cb962ac59075b964b07152d234b70',0,NULL,'2021-08-13 05:43:46','2021-08-24 08:26:21',NULL,NULL,NULL,NULL,0,0),(130,'yjb','杨金宝','202cb962ac59075b964b07152d234b70',0,NULL,'2021-08-24 02:35:33','2021-08-24 02:35:33',NULL,NULL,NULL,NULL,0,0),(189,'d2dqwe','成都市4','202cb962ac59075b964b07152d234b70',0,NULL,'2021-08-24 02:39:02','2021-08-24 02:39:02',NULL,NULL,NULL,NULL,0,0),(190,'xqwdw','dfv74的','202cb962ac59075b964b07152d234b70',0,NULL,'2021-08-24 02:39:02','2021-08-24 02:39:02',NULL,NULL,NULL,NULL,0,0),(191,'d24d','8VS地方','202cb962ac59075b964b07152d234b70',0,NULL,'2021-08-24 02:39:02','2021-08-24 02:39:02',NULL,NULL,NULL,NULL,0,0),(192,'de4','贝多芬5','202cb962ac59075b964b07152d234b70',0,NULL,'2021-08-24 02:39:03','2021-08-24 02:39:03',NULL,NULL,NULL,NULL,0,0),(193,'f4e5','五千多7','202cb962ac59075b964b07152d234b70',0,NULL,'2021-08-24 02:39:03','2021-08-24 02:39:03',NULL,NULL,NULL,NULL,0,0),(194,'4f35','sdcv是的','202cb962ac59075b964b07152d234b70',0,NULL,'2021-08-24 02:39:03','2021-08-24 02:39:03',NULL,NULL,NULL,NULL,0,0),(195,'d45qw','aa','202cb962ac59075b964b07152d234b70',0,NULL,'2021-08-24 02:39:03','2021-08-24 02:39:03',NULL,NULL,NULL,NULL,0,0),(196,'65h4','vds得到','202cb962ac59075b964b07152d234b70',0,NULL,'2021-08-24 02:39:03','2021-08-24 02:39:03',NULL,NULL,NULL,NULL,0,0),(197,'5hg56','功率表4','202cb962ac59075b964b07152d234b70',0,NULL,'2021-08-24 02:39:03','2021-08-24 02:39:03',NULL,NULL,NULL,NULL,0,0),(198,'ccds5','bf5但是','202cb962ac59075b964b07152d234b70',0,NULL,'2021-08-24 02:39:03','2021-08-24 02:39:03',NULL,NULL,NULL,NULL,0,0),(199,'8d6','本地888','202cb962ac59075b964b07152d234b70',0,NULL,'2021-08-24 02:39:03','2021-08-24 02:39:03',NULL,NULL,NULL,NULL,0,0),(200,'j789gh','微软3','202cb962ac59075b964b07152d234b70',0,NULL,'2021-08-24 02:39:03','2021-08-24 02:39:03',NULL,NULL,NULL,NULL,0,0),(201,'wer68','b7rtb人个人','202cb962ac59075b964b07152d234b70',0,NULL,'2021-08-24 02:39:03','2021-08-24 02:39:03',NULL,NULL,NULL,NULL,0,0),(202,'d3','大学城89','202cb962ac59075b964b07152d234b70',0,NULL,'2021-08-24 02:39:03','2021-08-24 02:39:03',NULL,NULL,NULL,NULL,0,0),(203,'4bdf6','几个号8f','202cb962ac59075b964b07152d234b70',0,NULL,'2021-08-24 02:39:03','2021-08-24 02:39:03',NULL,NULL,NULL,NULL,0,0),(204,'j79','hh图8','202cb962ac59075b964b07152d234b70',0,NULL,'2021-08-24 02:39:03','2021-08-24 02:39:03',NULL,NULL,NULL,NULL,0,0),(205,'ce5','gd','202cb962ac59075b964b07152d234b70',0,NULL,'2021-08-24 02:39:03','2021-08-24 02:39:03',NULL,NULL,NULL,NULL,0,0),(206,'6c48','今天又gj','202cb962ac59075b964b07152d234b70',0,NULL,'2021-08-24 02:39:03','2021-08-24 02:39:03',NULL,NULL,NULL,NULL,0,0),(207,'xsavw9','gsx','202cb962ac59075b964b07152d234b70',0,NULL,'2021-08-24 02:39:03','2021-08-24 02:39:03',NULL,NULL,NULL,NULL,0,0);
/*!40000 ALTER TABLE `User` ENABLE KEYS */;
UNLOCK TABLES;

--
-- Table structure for table `UserPerformance`
--

DROP TABLE IF EXISTS `UserPerformance`;
/*!40101 SET @saved_cs_client     = @@character_set_client */;
/*!40101 SET character_set_client = utf8 */;
CREATE TABLE `UserPerformance` (
  `userId` int(11) NOT NULL,
  `problemId` int(11) NOT NULL,
  `isAccepted` tinyint(1) NOT NULL,
  PRIMARY KEY (`userId`,`problemId`),
  KEY `userId` (`userId`),
  KEY `problemId` (`problemId`)
) ENGINE=InnoDB DEFAULT CHARSET=utf8;
/*!40101 SET character_set_client = @saved_cs_client */;

--
-- Dumping data for table `UserPerformance`
--

LOCK TABLES `UserPerformance` WRITE;
/*!40000 ALTER TABLE `UserPerformance` DISABLE KEYS */;
INSERT INTO `UserPerformance` VALUES (1,1,1),(2,1,0);
/*!40000 ALTER TABLE `UserPerformance` ENABLE KEYS */;
UNLOCK TABLES;

--
-- Table structure for table `UserPrivilege`
--

DROP TABLE IF EXISTS `UserPrivilege`;
/*!40101 SET @saved_cs_client     = @@character_set_client */;
/*!40101 SET character_set_client = utf8 */;
CREATE TABLE `UserPrivilege` (
  `userId` int(11) NOT NULL,
  `privilegeId` int(11) NOT NULL,
  PRIMARY KEY (`userId`,`privilegeId`)
) ENGINE=InnoDB DEFAULT CHARSET=utf8 COMMENT='用户权限对应表，默认userId没插入进来为普通用户权限';
/*!40101 SET character_set_client = @saved_cs_client */;

--
-- Dumping data for table `UserPrivilege`
--

LOCK TABLES `UserPrivilege` WRITE;
/*!40000 ALTER TABLE `UserPrivilege` DISABLE KEYS */;
INSERT INTO `UserPrivilege` VALUES (1,1),(1,2),(1,3),(1,4),(1,5),(8,1),(8,2),(8,3),(8,4),(8,5),(9,1),(9,2),(9,3),(9,4),(9,5);
/*!40000 ALTER TABLE `UserPrivilege` ENABLE KEYS */;
UNLOCK TABLES;

--
-- Table structure for table `UserWithContest`
--

DROP TABLE IF EXISTS `UserWithContest`;
/*!40101 SET @saved_cs_client     = @@character_set_client */;
/*!40101 SET character_set_client = utf8 */;
CREATE TABLE `UserWithContest` (
  `userId` int(11) NOT NULL,
  `contestId` int(11) NOT NULL,
  PRIMARY KEY (`userId`,`contestId`),
  KEY `userId` (`userId`),
  KEY `contestId` (`contestId`)
) ENGINE=InnoDB DEFAULT CHARSET=utf8 COMMENT='私有比赛与用户对应关系表';
/*!40101 SET character_set_client = @saved_cs_client */;

--
-- Dumping data for table `UserWithContest`
--

LOCK TABLES `UserWithContest` WRITE;
/*!40000 ALTER TABLE `UserWithContest` DISABLE KEYS */;
INSERT INTO `UserWithContest` VALUES (0,1),(0,2),(1,1),(1,2),(1,4),(1,5),(2,1),(2,2),(2,4),(2,6),(3,1),(3,2),(3,4),(3,7),(4,1),(4,2),(4,4),(4,8),(5,1),(5,2),(5,4),(5,6),(6,1),(6,2),(6,4),(6,5),(7,1),(7,2),(7,4),(7,8),(8,1),(8,2),(8,4),(8,7),(9,1),(9,2),(9,4),(9,7),(10,1),(10,2),(10,4),(10,5),(10,12),(10,14),(11,1),(11,2),(11,4),(11,6),(12,1),(12,2),(12,4),(12,8),(13,1),(13,2),(13,4),(13,8),(14,1),(14,2),(14,4),(14,6),(15,1),(15,2),(15,4),(15,5),(16,1),(16,2),(16,4),(16,7),(17,1),(17,2),(17,4),(17,7),(18,1),(18,2),(18,4),(18,6),(19,1),(19,2),(19,4),(19,8),(20,1),(20,2),(20,4),(20,5),(21,1),(21,2),(21,4),(21,5),(22,1),(22,2),(22,4),(22,8),(23,1),(23,2),(23,4),(23,6),(24,1),(24,2),(24,4),(24,7),(25,1),(25,2),(25,4),(25,7),(26,1),(26,2),(26,4),(26,6),(27,1),(27,2),(27,4),(27,8),(28,1),(28,2),(28,4),(28,5),(29,1),(29,2),(29,4),(29,5),(30,1),(30,2),(30,4),(30,7),(31,1),(31,2),(31,4),(31,8),(32,1),(32,2),(32,4),(32,6),(33,1),(33,2),(33,4),(33,5),(34,1),(34,2),(34,4),(34,6),(35,1),(35,2),(35,4),(35,7),(36,1),(36,2),(36,4),(36,8),(37,1),(37,2),(37,4),(37,8),(38,1),(38,2),(38,4),(38,7),(39,1),(39,2),(39,4),(39,6),(40,1),(40,2),(40,4),(40,5),(41,1),(41,2),(41,4),(41,5),(42,1),(42,2),(42,4),(42,8),(43,1),(43,2),(43,4),(43,6),(44,1),(44,2),(44,4),(44,7),(45,1),(45,2),(45,4),(45,8),(46,1),(46,2),(46,4),(46,5),(47,1),(47,2),(47,4),(47,7),(48,1),(48,2),(48,4),(48,6),(49,1),(49,2),(49,4),(49,6),(50,1),(50,2),(50,4),(50,8),(51,1),(51,2),(51,4),(51,7),(52,1),(52,2),(52,4),(52,5),(53,1),(53,2),(53,4),(53,7),(54,1),(54,2),(54,4),(54,6),(55,1),(55,2),(55,4),(55,8),(56,1),(56,2),(56,4),(56,5),(57,1),(57,2),(57,4),(57,7),(58,1),(58,2),(58,4),(58,6),(59,1),(59,2),(59,4),(59,5),(60,1),(60,2),(60,4),(60,8),(61,1),(61,2),(61,4),(61,8),(62,1),(62,2),(62,4),(62,5),(63,1),(63,2),(63,4),(63,6),(64,1),(64,2),(64,4),(64,7),(65,1),(65,2),(65,4),(65,7),(66,1),(66,2),(66,4),(66,6),(67,1),(67,2),(67,4),(67,8),(68,1),(68,2),(68,4),(68,5),(69,1),(69,2),(69,4),(69,5),(70,1),(70,2),(70,4),(70,8),(71,1),(71,2),(71,4),(71,6),(72,1),(72,2),(72,4),(72,7),(73,1),(73,2),(73,4),(73,7),(74,1),(74,2),(74,4),(74,6),(75,1),(75,2),(75,4),(75,8),(76,1),(76,2),(76,4),(76,5),(77,1),(77,2),(77,4),(77,5),(78,1),(78,2),(78,4),(78,6),(79,1),(79,2),(79,4),(79,7),(80,1),(80,2),(80,4),(80,8),(81,1),(81,2),(81,4),(81,7),(82,1),(82,2),(82,4),(82,6),(83,1),(83,2),(83,4),(83,5),(84,1),(84,2),(84,4),(84,8),(85,1),(85,2),(85,4),(85,5),(86,1),(86,2),(86,4),(86,6),(87,1),(87,2),(87,4),(87,7),(88,1),(88,2),(88,4),(88,8),(89,1),(89,2),(89,4),(89,5),(90,1),(90,2),(90,4),(90,8),(91,1),(91,2),(91,4),(91,7),(92,1),(92,2),(92,4),(92,6),(93,1),(93,2),(93,4),(93,6),(94,1),(94,2),(94,4),(94,7),(95,1),(95,2),(95,4),(95,8),(96,1),(96,2),(96,4),(96,5),(97,1),(97,2),(97,4),(97,5),(98,1),(98,2),(98,4),(98,8),(99,1),(99,2),(99,4),(99,7),(100,1),(100,2),(100,4),(100,6),(101,1),(101,2),(101,4),(101,6),(102,1),(102,2),(102,4),(102,7),(103,1),(103,2),(103,4),(103,8),(104,1),(104,2),(104,4),(104,5),(105,1),(105,2),(105,4),(105,5),(106,1),(106,2),(106,4),(106,7),(107,1),(107,2),(107,4),(107,6),(108,1),(108,2),(108,4),(108,8),(109,1),(109,2),(109,4),(109,6),(110,1),(110,2),(110,4),(110,7),(111,1),(111,2),(111,4),(111,5),(112,1),(112,2),(112,4),(112,8),(113,1),(113,2),(113,4),(113,5),(114,1),(114,2),(114,4),(114,7),(115,1),(115,2),(115,4),(115,6),(116,1),(116,2),(116,4),(116,8),(117,1),(117,2),(117,4),(117,8),(118,1),(118,2),(118,4),(118,6),(119,1),(119,2),(119,4),(119,7),(120,1),(120,2),(120,4),(120,5),(121,1),(121,2),(121,4),(121,5),(122,1),(122,2),(122,4),(122,8),(123,1),(123,2),(123,4),(123,7),(124,1),(124,2),(124,4),(124,6),(125,1),(125,2),(125,4),(125,7),(126,1),(126,2),(126,4),(126,5),(127,1),(127,2),(127,4),(127,8),(128,1),(128,2),(128,4),(128,6),(129,1),(129,2),(129,4),(129,6),(130,1),(130,2),(130,4),(130,8),(131,1),(131,2),(131,4),(131,7),(132,1),(132,2),(132,4),(132,5),(133,1),(133,2),(133,4),(133,5),(134,1),(134,2),(134,4),(134,7),(135,1),(135,2),(135,4),(135,8),(136,1),(136,2),(136,4),(136,6),(137,1),(137,2),(137,4),(137,7),(138,1),(138,2),(138,4),(138,5),(139,1),(139,2),(139,4),(139,6),(140,1),(140,2),(140,4),(140,8),(141,1),(141,2),(141,4),(141,5),(142,1),(142,2),(142,4),(142,7),(143,1),(143,2),(143,4),(143,8),(144,1),(144,2),(144,4),(144,6),(145,1),(145,2),(145,4),(145,6),(146,1),(146,2),(146,4),(146,8),(147,1),(147,2),(147,4),(147,7),(148,1),(148,2),(148,4),(148,5),(149,1),(149,2),(149,4),(149,8),(150,1),(150,2),(150,4),(150,6),(151,1),(151,2),(151,4),(151,5),(152,1),(152,2),(152,4),(152,7),(153,1),(153,2),(153,4),(153,7),(154,1),(154,2),(155,3),(156,1),(156,3),(156,4),(156,5),(156,6),(156,7),(156,8),(156,9),(156,10),(156,12),(156,14),(157,1),(157,3),(157,4),(157,5),(157,6),(157,7),(157,8),(157,9),(158,1),(158,3),(158,4),(158,5),(158,6),(158,7),(158,8),(158,9),(158,10),(159,4),(160,3),(160,5),(160,6),(160,7),(160,8),(161,3),(161,5),(161,6),(161,7),(161,8),(161,13),(162,9),(162,10),(163,9),(163,10),(164,9),(164,10),(165,9),(165,10),(166,9),(166,10),(167,9),(167,10),(168,9),(168,10),(169,9),(169,10),(170,9),(170,10),(171,9),(171,10),(172,9),(172,10),(173,9),(173,10),(174,9),(174,10),(175,9),(175,10),(176,9),(176,10),(177,9),(177,10),(178,9),(178,10),(179,9),(179,10),(180,9),(180,10),(181,9),(181,10),(182,9),(182,10),(183,9),(183,10),(184,9),(184,10),(185,9),(185,10),(186,9),(186,10),(187,9),(187,10),(188,3),(188,9),(188,10),(189,9),(189,10),(190,10),(191,10),(192,10),(193,4),(193,9),(193,11),(193,12),(193,14),(194,4),(194,9),(194,11),(194,12),(194,14),(195,4),(195,9),(195,11),(195,12),(195,14),(196,4),(196,9),(196,11),(196,12),(196,14),(197,4),(197,9),(197,11),(197,12),(197,14),(198,4),(198,9),(198,11),(198,12),(198,14),(199,4),(199,9),(199,11),(199,12),(199,14),(200,4),(200,9),(200,11),(200,12),(200,14),(201,4),(201,9),(201,11),(201,12),(201,14),(202,4),(202,9),(202,11),(202,12),(202,14),(203,4),(203,9),(203,11),(203,12),(203,14),(204,4),(204,9),(204,11),(204,12),(204,14),(205,4),(205,9),(205,11),(205,12),(205,14),(206,11),(207,11),(207,12),(207,14),(208,12),(208,14),(209,12),(209,14),(210,1);
/*!40000 ALTER TABLE `UserWithContest` ENABLE KEYS */;
UNLOCK TABLES;

--
-- Table structure for table `test`
--

DROP TABLE IF EXISTS `test`;
/*!40101 SET @saved_cs_client     = @@character_set_client */;
/*!40101 SET character_set_client = utf8 */;
CREATE TABLE `test` (
  `name` varchar(20) NOT NULL,
  `description` varchar(100) DEFAULT NULL,
  PRIMARY KEY (`name`)
) ENGINE=InnoDB DEFAULT CHARSET=utf8;
/*!40101 SET character_set_client = @saved_cs_client */;

--
-- Dumping data for table `test`
--

LOCK TABLES `test` WRITE;
/*!40000 ALTER TABLE `test` DISABLE KEYS */;
INSERT INTO `test` VALUES ('hello','world'),('hello1','world1'),('hello2','world2'),('hello3','world3'),('hello4','world4');
/*!40000 ALTER TABLE `test` ENABLE KEYS */;
UNLOCK TABLES;

--
-- Table structure for table `test233`
--

DROP TABLE IF EXISTS `test233`;
/*!40101 SET @saved_cs_client     = @@character_set_client */;
/*!40101 SET character_set_client = utf8 */;
CREATE TABLE `test233` (
  `solutionId` bigint(20) DEFAULT NULL,
  `aa` tinyint(1) DEFAULT NULL
) ENGINE=InnoDB DEFAULT CHARSET=utf8;
/*!40101 SET character_set_client = @saved_cs_client */;

--
-- Dumping data for table `test233`
--

LOCK TABLES `test233` WRITE;
/*!40000 ALTER TABLE `test233` DISABLE KEYS */;
INSERT INTO `test233` VALUES (798,1),(829,1),(835,1),(852,1),(864,1),(899,1),(921,1),(933,1),(945,1),(972,1),(974,1),(994,1),(1032,1),(1035,1),(1037,1),(1054,1),(1058,1),(1106,1),(1116,1),(1120,1),(1123,1),(1128,1),(1130,1),(1135,1),(1137,1),(1149,1),(1160,1),(1165,1),(1170,1),(1198,1),(1208,1),(1212,1),(1216,1),(1231,1),(1233,1),(1259,1),(1289,1),(1296,1),(1307,1),(1339,1),(1344,1),(1347,1),(1356,1),(1364,1),(1370,1),(1371,1),(1385,1),(1412,1),(1415,1),(1425,1),(1426,1),(1428,1),(1455,1),(1479,1),(1483,1),(1485,1),(1488,1),(1499,1),(1505,1),(1506,1),(1517,1),(1551,1),(1558,1),(1578,1),(1612,1),(1616,1),(1629,1),(1640,1),(1651,1),(1709,1),(1771,1),(1777,1),(1803,1),(1853,1),(1860,1),(1904,1),(1909,1),(1940,1),(2071,1),(2140,1),(2167,1),(2192,1),(2220,1),(2228,1),(2354,1),(2366,1),(2367,1),(2373,1),(2447,1),(2483,1),(2489,1),(2511,1),(2513,1),(746,1),(716,1),(725,1),(738,1),(846,1),(862,1),(891,1),(903,1),(930,1),(1093,1),(1114,1),(1189,1),(1256,1),(1308,1),(1310,1),(1337,1),(1340,1),(1361,1),(1392,1),(1427,1),(1447,1),(1471,1),(1489,1),(1490,1),(1497,1),(1529,1),(1539,1),(1544,1),(1552,1),(1568,1),(1591,1),(1600,1),(1606,1),(1611,1),(1643,1),(1654,1),(1658,1),(1672,1),(1675,1),(1680,1),(1764,1),(1799,1),(1846,1),(1864,1),(1871,1),(1895,1),(1910,1),(1913,1),(1921,1),(1932,1),(1935,1),(1959,1),(1967,1),(2001,1),(2004,1),(2024,1),(2043,1),(2070,1),(2072,1),(2081,1),(2123,1),(2126,1),(2145,1),(2160,1),(2175,1),(2197,1),(2200,1),(2203,1),(2236,1),(2244,1),(2349,1),(2388,1),(2393,1),(2412,1),(2417,1),(2428,1),(2429,1),(2449,1),(2460,1),(2461,1),(2465,1),(2491,1),(717,1),(739,1),(971,1),(1117,1),(1142,1),(1166,1),(1239,1),(1241,1),(1250,1),(1252,1),(1261,1),(1268,1),(1269,1),(1272,1),(1274,1),(1279,1),(1280,1),(1284,1),(1285,1),(1291,1),(1323,1),(1325,1),(1330,1),(1342,1),(1357,1),(1360,1),(1391,1),(1414,1),(1419,1),(1422,1),(1438,1),(1442,1),(1449,1),(1457,1),(1460,1),(1461,1),(1484,1),(1494,1),(1495,1),(1500,1),(1502,1),(1515,1),(1516,1),(1518,1),(1520,1),(1542,1),(1560,1),(1564,1),(1586,1),(1596,1),(1608,1),(1619,1),(1635,1),(1642,1),(1648,1),(1650,1),(1660,1),(1669,1),(1670,1),(1682,1),(1683,1),(1690,1),(1692,1),(1698,1),(1702,1),(1720,1),(1729,1),(1731,1),(1734,1),(1735,1),(1742,1),(1753,1),(1769,1),(1776,1),(1779,1),(1806,1),(1811,1),(1812,1),(1813,1),(1823,1),(1824,1),(1828,1),(1847,1),(1852,1),(1855,1),(1877,1),(1879,1),(1886,1),(1890,1),(1901,1),(1907,1),(1927,1),(1928,1),(1938,1),(1946,1),(1951,1),(1963,1),(1972,1),(1976,1),(1986,1),(1996,1),(1999,1),(2000,1),(2014,1),(2021,1),(2033,1),(2035,1),(2036,1),(2039,1),(2056,1),(2061,1),(2066,1),(2084,1),(2090,1),(2117,1),(2124,1),(2143,1),(2151,1),(2288,1),(2289,1),(2290,1),(2310,1),(2313,1),(2337,1),(2338,1),(2344,1),(2371,1),(2379,1),(2387,1),(2402,1),(2419,1),(2448,1),(2451,1),(2458,1),(2475,1),(719,1),(741,1),(1336,1),(1413,1),(1537,1),(1649,1),(1722,1),(1763,1),(1768,1),(1804,1),(1830,1),(1838,1),(1872,1),(1897,1),(1920,1),(1966,1),(1969,1),(1977,1),(1981,1),(2011,1),(2028,1),(2040,1),(2080,1),(2095,1),(2102,1),(2110,1),(2120,1),(2122,1),(2176,1),(2190,1),(2191,1),(2202,1),(2204,1),(2215,1),(2226,1),(2243,1),(2249,1),(2264,1),(2334,1),(2378,1),(2411,1),(2424,1),(2482,1),(732,1),(983,1),(1052,1),(1157,1),(1180,1),(1188,1),(1196,1),(1209,1),(1219,1),(1257,1),(1270,1),(1275,1),(1299,1),(1313,1),(1327,1),(1345,1),(1353,1),(1365,1),(1380,1),(1409,1),(1435,1),(1439,1),(1440,1),(1444,1),(1467,1),(1468,1),(1473,1),(1480,1),(1496,1),(1523,1),(1528,1),(1531,1),(1538,1),(1541,1),(1556,1),(1561,1),(1567,1),(1570,1),(1580,1),(1584,1),(1585,1),(1605,1),(1609,1),(1622,1),(1624,1),(1632,1),(1673,1),(1674,1),(1679,1),(1686,1),(1695,1),(1696,1),(1710,1),(1714,1),(1716,1),(1717,1),(1718,1),(1719,1),(1724,1),(1728,1),(1738,1),(1743,1),(1744,1),(1755,1),(1760,1),(1762,1),(1773,1),(1782,1),(1790,1),(1793,1),(1797,1),(1800,1),(1809,1),(1810,1),(1818,1),(1831,1),(1833,1),(1850,1),(1851,1),(1856,1),(1863,1),(1869,1),(1891,1),(1894,1),(1896,1),(1905,1),(1918,1),(1924,1),(1936,1),(1939,1),(1943,1),(1952,1),(1953,1),(1956,1),(1965,1),(1993,1),(2008,1),(2026,1),(2037,1),(2064,1),(2068,1),(2073,1),(2075,1),(2079,1),(2108,1),(2109,1),(2114,1),(2118,1),(2134,1),(2141,1),(2150,1),(2155,1),(2162,1),(2173,1),(2174,1),(2183,1),(2185,1),(2198,1),(2209,1),(2216,1),(2219,1),(2221,1),(2233,1),(2258,1),(2278,1),(2279,1),(2282,1),(2283,1),(2309,1),(2324,1),(2346,1),(2361,1),(2362,1),(2368,1),(2369,1),(2380,1),(2399,1),(2401,1),(2408,1),(2410,1),(2420,1),(2436,1),(2442,1),(2445,1),(2459,1),(2462,1),(2472,1),(2478,1),(2479,1),(2480,1),(2492,1);
/*!40000 ALTER TABLE `test233` ENABLE KEYS */;
UNLOCK TABLES;
/*!40103 SET TIME_ZONE=@OLD_TIME_ZONE */;

/*!40101 SET SQL_MODE=@OLD_SQL_MODE */;
/*!40014 SET FOREIGN_KEY_CHECKS=@OLD_FOREIGN_KEY_CHECKS */;
/*!40014 SET UNIQUE_CHECKS=@OLD_UNIQUE_CHECKS */;
/*!40101 SET CHARACTER_SET_CLIENT=@OLD_CHARACTER_SET_CLIENT */;
/*!40101 SET CHARACTER_SET_RESULTS=@OLD_CHARACTER_SET_RESULTS */;
/*!40101 SET COLLATION_CONNECTION=@OLD_COLLATION_CONNECTION */;
/*!40111 SET SQL_NOTES=@OLD_SQL_NOTES */;

-- Dump completed on 2021-09-30 15:33:06
